customerID,gender,SeniorCitizen,Partner,Dependents,tenure,PhoneService,MultipleLines,InternetService,OnlineSecurity,OnlineBackup,DeviceProtection,TechSupport,StreamingTV,StreamingMovies,Contract,PaperlessBilling,PaymentMethod,MonthlyCharges,TotalCharges,Churn
5649-TJHOV,Male,1,Yes,No,27,No,No phone service,DSL,No,No,No,No,No,Yes,Month-to-month,No,Bank transfer (automatic),36.5,1032,Yes
4324-BZCKL,Female,0,Yes,Yes,10,Yes,No,DSL,No,Yes,Yes,No,No,No,Month-to-month,Yes,Mailed check,55.55,551.3,No
5494-HECPR,Female,0,No,No,1,Yes,No,Fiber optic,No,No,No,No,Yes,No,Month-to-month,Yes,Electronic check,80.25,80.25,Yes
1396-QWFBJ,Female,0,Yes,Yes,21,Yes,No,Fiber optic,No,Yes,No,No,No,No,Month-to-month,Yes,Bank transfer (automatic),74.05,1565.7,Yes
0547-HURJB,Male,0,No,Yes,12,Yes,No,No,No internet service,No internet service,No internet service,No internet service,No internet service,No internet service,Month-to-month,No,Credit card (automatic),21.05,235.8,No
7239-HZZCX,Male,0,No,No,1,Yes,No,No,No internet service,No internet service,No internet service,No internet service,No internet service,No internet service,Month-to-month,No,Mailed check,19.75,19.75,Yes
4698-KVLLG,Female,1,No,No,51,Yes,No,No,No internet service,No internet service,No internet service,No internet service,No internet service,No internet service,Two year,No,Credit card (automatic),19.6,967.9,No
0319-QZTCO,Female,0,Yes,Yes,3,Yes,No,DSL,No,Yes,No,No,Yes,No,Month-to-month,Yes,Credit card (automatic),58.7,168.6,No
4056-QHXHZ,Female,0,Yes,Yes,72,Yes,Yes,Fiber optic,Yes,No,Yes,Yes,Yes,Yes,Two year,No,Mailed check,107.45,7576.7,No
0415-MOSGF,Female,0,No,No,1,Yes,No,DSL,No,No,No,No,No,No,Month-to-month,No,Mailed check,44.4,44.4,Yes
6432-TWQLB,Male,0,Yes,No,5,Yes,Yes,Fiber optic,No,Yes,No,Yes,No,No,Month-to-month,Yes,Electronic check,85.4,401.1,Yes
1069-XAIEM,Female,1,No,No,1,Yes,Yes,Fiber optic,No,No,No,No,No,Yes,Month-to-month,Yes,Electronic check,85.05,85.05,Yes
1767-CJKBA,Male,0,No,No,66,Yes,Yes,No,No internet service,No internet service,No internet service,No internet service,No internet service,No internet service,Two year,No,Mailed check,25.1,1697.7,No
9068-VPWQQ,Male,0,Yes,No,61,Yes,Yes,DSL,Yes,No,Yes,Yes,No,Yes,Two year,No,Credit card (automatic),75.35,4729.3,No
8818-XYFCQ,Male,0,Yes,Yes,32,Yes,Yes,Fiber optic,Yes,No,No,No,Yes,Yes,Month-to-month,Yes,Credit card (automatic),99.55,3204.65,Yes
8747-UDCOI,Female,0,Yes,No,65,Yes,No,No,No internet service,No internet service,No internet service,No internet service,No internet service,No internet service,Two year,No,Bank transfer (automatic),19.35,1319.95,No
9825-YCXWZ,Female,1,No,No,41,Yes,No,Fiber optic,No,No,Yes,Yes,Yes,Yes,One year,Yes,Bank transfer (automatic),101.1,4016.2,No
2114-MGINA,Female,0,No,No,14,Yes,No,Fiber optic,No,No,No,No,Yes,Yes,Month-to-month,Yes,Mailed check,89.8,1129.1,Yes
2074-GKOWZ,Male,0,Yes,Yes,2,Yes,No,Fiber optic,No,No,No,No,Yes,Yes,Month-to-month,Yes,Bank transfer (automatic),89.55,185.55,Yes
2282-YGNOR,Female,0,No,No,29,Yes,No,DSL,Yes,No,Yes,Yes,No,No,One year,No,Credit card (automatic),58.0,1734.5,No
8229-MYEJZ,Female,0,No,No,10,Yes,No,DSL,No,Yes,No,No,No,No,Month-to-month,No,Electronic check,51.2,498.25,No
4883-QICIH,Male,0,Yes,Yes,32,Yes,No,Fiber optic,No,No,No,No,No,No,Month-to-month,Yes,Bank transfer (automatic),69.75,2347.9,Yes
9788-YTFGE,Male,0,No,No,7,Yes,No,No,No internet service,No internet service,No internet service,No internet service,No internet service,No internet service,Month-to-month,Yes,Mailed check,19.95,147.5,No
3429-IFLEM,Female,0,No,No,71,Yes,No,DSL,Yes,Yes,Yes,Yes,Yes,No,Two year,No,Credit card (automatic),77.35,5550.1,No
7649-PHJVR,Male,0,No,No,11,Yes,No,No,No internet service,No internet service,No internet service,No internet service,No internet service,No internet service,One year,No,Mailed check,19.5,226.8,No
0816-TSPHQ,Male,0,No,No,2,Yes,No,No,No internet service,No internet service,No internet service,No internet service,No internet service,No internet service,Month-to-month,No,Mailed check,20.75,44.2,No
8267-KFGYD,Male,0,No,Yes,1,Yes,No,No,No internet service,No internet service,No internet service,No internet service,No internet service,No internet service,Month-to-month,Yes,Mailed check,21.05,21.05,No
9801-NOSHQ,Male,0,No,Yes,23,Yes,No,No,No internet service,No internet service,No internet service,No internet service,No internet service,No internet service,One year,No,Mailed check,19.8,465.45,No
7182-OVLBJ,Female,0,Yes,Yes,62,Yes,Yes,Fiber optic,Yes,No,No,No,Yes,Yes,Two year,Yes,Bank transfer (automatic),101.15,6638.35,No
4059-IIEBK,Female,0,No,No,7,Yes,Yes,Fiber optic,No,Yes,No,No,No,No,Month-to-month,Yes,Bank transfer (automatic),78.55,522.95,No
9258-CNWAC,Female,0,Yes,Yes,71,Yes,Yes,Fiber optic,Yes,Yes,Yes,Yes,Yes,Yes,Two year,No,Credit card (automatic),113.65,8166.8,No
5318-IXUZF,Female,0,No,No,2,Yes,No,Fiber optic,No,Yes,No,No,Yes,No,Month-to-month,Yes,Bank transfer (automatic),87.15,183.75,Yes
8039-ACLPL,Female,0,Yes,Yes,72,Yes,No,DSL,Yes,Yes,Yes,No,No,Yes,Two year,No,Credit card (automatic),68.75,4888.2,No
4817-KEQSP,Female,0,Yes,Yes,71,Yes,No,No,No internet service,No internet service,No internet service,No internet service,No internet service,No internet service,Two year,No,Bank transfer (automatic),19.85,1326.35,No
9391-EOYLI,Male,1,Yes,No,12,Yes,No,Fiber optic,No,No,No,No,No,Yes,Month-to-month,Yes,Electronic check,80.45,950.2,Yes
7963-GQRMY,Female,0,Yes,Yes,3,Yes,No,DSL,No,No,No,No,No,No,Month-to-month,No,Mailed check,44.3,134.5,Yes
2227-JRSJX,Female,0,No,No,21,Yes,No,Fiber optic,No,Yes,No,Yes,Yes,Yes,Month-to-month,Yes,Bank transfer (automatic),99.15,1956.4,No
3981-QSVQI,Male,0,No,No,8,Yes,No,No,No internet service,No internet service,No internet service,No internet service,No internet service,No internet service,Month-to-month,Yes,Bank transfer (automatic),19.7,168.9,No
8076-FEZKJ,Male,0,No,No,10,Yes,No,No,No internet service,No internet service,No internet service,No internet service,No internet service,No internet service,One year,No,Mailed check,19.5,225.85,No
6304-IJFSQ,Male,0,No,No,3,Yes,No,DSL,No,Yes,No,No,No,No,Month-to-month,Yes,Mailed check,49.9,130.1,Yes
2834-SPCJV,Male,0,Yes,No,52,Yes,No,Fiber optic,Yes,No,No,No,Yes,No,Month-to-month,No,Electronic check,84.1,4348.65,Yes
1231-YNDEK,Male,0,No,No,58,Yes,No,No,No internet service,No internet service,No internet service,No internet service,No internet service,No internet service,Two year,Yes,Bank transfer (automatic),19.15,1035.5,No
1866-NXPSP,Female,0,No,No,36,Yes,No,DSL,Yes,Yes,Yes,Yes,No,Yes,One year,Yes,Mailed check,75.55,2680.15,No
9548-LIGTA,Male,0,Yes,No,61,Yes,No,DSL,Yes,Yes,No,Yes,Yes,Yes,Two year,Yes,Mailed check,81.05,4747.65,No
7064-JHXCE,Male,0,Yes,Yes,62,Yes,No,No,No internet service,No internet service,No internet service,No internet service,No internet service,No internet service,Two year,No,Credit card (automatic),20.05,1263.9,No
2388-LAESQ,Female,1,Yes,No,72,Yes,Yes,Fiber optic,Yes,Yes,Yes,Yes,Yes,Yes,Two year,Yes,Bank transfer (automatic),114.85,8317.95,No
6300-BWMJX,Female,0,Yes,No,59,Yes,Yes,Fiber optic,No,No,Yes,Yes,Yes,No,Month-to-month,No,Electronic check,93.35,5386.5,No
4486-EFAEB,Male,0,No,No,13,Yes,No,No,No internet service,No internet service,No internet service,No internet service,No internet service,No internet service,Month-to-month,Yes,Electronic check,20.4,251.65,No
3161-GETRM,Male,0,Yes,Yes,34,Yes,Yes,Fiber optic,No,No,Yes,No,No,Yes,Month-to-month,Yes,Credit card (automatic),90.05,3097,No
9828-AOQLM,Female,0,Yes,Yes,1,Yes,No,DSL,No,No,No,No,No,No,Month-to-month,Yes,Electronic check,45.7,45.7,Yes
2433-KMEAS,Male,0,No,No,22,Yes,Yes,DSL,Yes,No,No,No,No,No,Month-to-month,Yes,Electronic check,54.45,1127.35,Yes
7014-ZZXAW,Female,0,Yes,No,71,Yes,Yes,No,No internet service,No internet service,No internet service,No internet service,No internet service,No internet service,Two year,Yes,Credit card (automatic),24.25,1732.95,No
4554-YGZIH,Male,1,Yes,No,49,Yes,Yes,Fiber optic,No,Yes,No,No,No,Yes,Month-to-month,No,Credit card (automatic),90.05,4547.25,Yes
6969-MVBAI,Female,1,No,No,9,Yes,Yes,Fiber optic,No,No,Yes,No,Yes,No,Month-to-month,Yes,Electronic check,90.1,816.8,No
6376-GAHQE,Male,0,No,No,4,Yes,No,Fiber optic,No,No,No,No,Yes,No,Month-to-month,No,Electronic check,77.85,299.2,Yes
9430-NKQLY,Male,0,Yes,Yes,72,Yes,Yes,No,No internet service,No internet service,No internet service,No internet service,No internet service,No internet service,Two year,Yes,Credit card (automatic),25.1,1790.8,No
4009-ALQFH,Female,0,No,No,25,Yes,No,Fiber optic,No,Yes,Yes,No,Yes,Yes,Month-to-month,Yes,Electronic check,99.5,2369.05,Yes
0023-HGHWL,Male,1,No,No,1,No,No phone service,DSL,No,No,No,No,No,No,Month-to-month,Yes,Electronic check,25.1,25.1,Yes
1686-STUHN,Male,0,No,No,42,Yes,No,No,No internet service,No internet service,No internet service,No internet service,No internet service,No internet service,One year,No,Bank transfer (automatic),19.8,849.9,No
3588-WSTTJ,Female,1,No,No,35,Yes,Yes,Fiber optic,Yes,No,No,No,Yes,Yes,Month-to-month,Yes,Electronic check,99.05,3554.6,No
2538-OIMXF,Female,0,No,Yes,1,No,No phone service,DSL,No,No,No,No,No,No,Month-to-month,No,Mailed check,24.7,24.7,No
3806-YAZOV,Female,0,No,No,3,Yes,No,No,No internet service,No internet service,No internet service,No internet service,No internet service,No internet service,Month-to-month,No,Mailed check,18.8,56,No
9127-QRZMH,Male,0,Yes,No,44,Yes,No,DSL,Yes,Yes,No,Yes,No,No,One year,Yes,Bank transfer (automatic),59.85,2603.95,No
7607-QKKTJ,Male,0,Yes,Yes,45,Yes,Yes,Fiber optic,No,Yes,Yes,No,No,Yes,One year,Yes,Credit card (automatic),95.0,4368.85,No
8665-UTDHZ,Male,0,Yes,Yes,1,No,No phone service,DSL,No,Yes,No,No,No,No,Month-to-month,No,Electronic check,30.2,30.2,Yes
7398-HPYZQ,Male,0,Yes,No,71,Yes,Yes,DSL,Yes,Yes,Yes,Yes,Yes,Yes,Two year,No,Bank transfer (automatic),90.55,6404,No
4647-MUZON,Female,0,Yes,No,18,Yes,No,Fiber optic,No,No,Yes,No,Yes,Yes,Month-to-month,Yes,Credit card (automatic),95.95,1745.5,No
6856-RAURS,Female,0,No,No,2,Yes,Yes,Fiber optic,No,No,No,No,No,No,Month-to-month,Yes,Mailed check,74.9,136.05,No
7250-EQKIY,Female,0,Yes,Yes,1,Yes,No,DSL,No,No,Yes,No,No,No,Month-to-month,No,Mailed check,50.45,50.45,Yes
8709-KRDVL,Female,0,No,No,33,Yes,Yes,Fiber optic,No,Yes,No,No,Yes,Yes,Month-to-month,Yes,Electronic check,100.0,3320.6,No
6701-YVNQG,Male,0,Yes,No,72,Yes,Yes,DSL,Yes,Yes,Yes,Yes,Yes,Yes,Two year,Yes,Credit card (automatic),88.7,6301.7,No
2639-UGMAZ,Male,1,No,No,71,No,No phone service,DSL,Yes,Yes,No,No,Yes,Yes,One year,Yes,Electronic check,56.45,3985.35,No
2983-ZANRP,Female,0,Yes,Yes,2,Yes,No,Fiber optic,No,Yes,No,No,No,No,Month-to-month,Yes,Bank transfer (automatic),73.55,145.4,Yes
0508-SQWPL,Female,0,Yes,Yes,57,Yes,No,No,No internet service,No internet service,No internet service,No internet service,No internet service,No internet service,Two year,Yes,Bank transfer (automatic),20.1,1087.7,No
1834-ABKHQ,Female,0,Yes,Yes,52,Yes,No,DSL,No,No,Yes,No,No,No,One year,Yes,Bank transfer (automatic),50.95,2610.65,No
0280-XJGEX,Male,0,No,No,49,Yes,Yes,Fiber optic,No,Yes,Yes,No,Yes,Yes,Month-to-month,Yes,Bank transfer (automatic),103.7,5036.3,Yes
0519-XUZJU,Female,0,No,No,1,Yes,No,Fiber optic,No,No,No,No,No,No,Month-to-month,No,Mailed check,70.75,70.75,Yes
7434-SHXLS,Female,0,No,No,1,Yes,No,No,No internet service,No internet service,No internet service,No internet service,No internet service,No internet service,Month-to-month,No,Mailed check,20.9,20.9,Yes
3012-VFFMN,Female,0,Yes,Yes,7,Yes,No,No,No internet service,No internet service,No internet service,No internet service,No internet service,No internet service,Month-to-month,No,Mailed check,20.65,158.95,No
7268-IGMFD,Male,1,No,No,18,Yes,Yes,Fiber optic,No,No,Yes,Yes,Yes,No,Month-to-month,No,Bank transfer (automatic),93.9,1743.9,No
9717-QEBGU,Male,0,No,No,2,Yes,No,Fiber optic,No,No,No,No,No,No,Month-to-month,Yes,Electronic check,70.3,144,No
5151-HQRDG,Male,0,Yes,No,37,Yes,Yes,DSL,Yes,No,No,No,No,No,Month-to-month,Yes,Mailed check,55.05,2030.75,No
2565-JSLRY,Male,0,No,No,1,Yes,Yes,No,No internet service,No internet service,No internet service,No internet service,No internet service,No internet service,Month-to-month,Yes,Mailed check,24.05,24.05,Yes
0234-TEVTT,Female,0,Yes,Yes,48,No,No phone service,DSL,Yes,No,Yes,No,No,Yes,One year,No,Credit card (automatic),45.0,2196.3,No
6862-CQUMB,Male,0,No,No,37,Yes,No,Fiber optic,No,Yes,No,No,Yes,Yes,Month-to-month,Yes,Credit card (automatic),96.1,3646.8,No
7823-JSOAG,Male,0,No,No,3,Yes,Yes,Fiber optic,No,No,No,No,No,No,Month-to-month,No,Electronic check,74.5,217.45,No
9863-JZAIC,Male,0,No,No,35,Yes,No,DSL,No,No,No,No,Yes,No,Month-to-month,No,Mailed check,55.0,2010.55,Yes
0347-UBKUZ,Female,0,No,No,15,Yes,No,No,No internet service,No internet service,No internet service,No internet service,No internet service,No internet service,Month-to-month,No,Mailed check,19.9,320.45,No
3590-TCXTB,Male,0,No,No,1,Yes,No,No,No internet service,No internet service,No internet service,No internet service,No internet service,No internet service,Month-to-month,No,Mailed check,20.35,20.35,No
6855-VLGOS,Male,0,Yes,Yes,72,Yes,No,No,No internet service,No internet service,No internet service,No internet service,No internet service,No internet service,Two year,No,Electronic check,20.55,1432.55,No
2023-VQFDL,Male,0,No,No,18,Yes,No,No,No internet service,No internet service,No internet service,No internet service,No internet service,No internet service,Month-to-month,No,Electronic check,19.0,348.8,No
0133-BMFZO,Female,0,No,No,2,Yes,No,Fiber optic,Yes,Yes,No,Yes,No,No,Month-to-month,Yes,Electronic check,86.25,181.65,Yes
3057-VJJQE,Male,0,No,No,35,Yes,Yes,DSL,Yes,No,No,No,No,No,Two year,No,Mailed check,55.25,1924.1,No
9820-RMCQV,Female,0,No,No,11,Yes,No,DSL,Yes,No,No,No,No,No,Month-to-month,No,Credit card (automatic),48.55,501,Yes
9355-NPPFS,Female,1,No,No,26,Yes,No,Fiber optic,No,No,No,No,No,Yes,Month-to-month,Yes,Electronic check,78.8,2006.1,No
9819-FBNSV,Male,1,Yes,No,37,Yes,No,Fiber optic,No,No,No,No,No,No,Month-to-month,Yes,Bank transfer (automatic),72.25,2575.45,No
0356-OBMAC,Female,1,No,No,56,Yes,Yes,Fiber optic,No,Yes,Yes,Yes,Yes,No,Two year,Yes,Bank transfer (automatic),99.9,5706.3,No
7306-YDSOI,Male,0,Yes,Yes,69,Yes,No,DSL,Yes,Yes,Yes,No,No,No,Two year,Yes,Bank transfer (automatic),59.75,4069.9,No
1052-QJIBV,Female,0,Yes,Yes,71,Yes,No,No,No internet service,No internet service,No internet service,No internet service,No internet service,No internet service,Two year,No,Credit card (automatic),19.9,1397.3,No
8480-PPONV,Male,0,Yes,Yes,62,Yes,Yes,Fiber optic,Yes,Yes,Yes,Yes,Yes,Yes,Two year,No,Bank transfer (automatic),115.55,7159.05,No
8582-KRHPJ,Male,0,No,No,50,No,No phone service,DSL,Yes,Yes,No,No,No,No,Month-to-month,Yes,Mailed check,35.0,1782.4,No
2272-JKMSI,Female,0,Yes,Yes,62,Yes,Yes,Fiber optic,No,Yes,Yes,Yes,Yes,Yes,One year,Yes,Electronic check,110.8,6840.95,No
0931-MHTEM,Female,0,No,No,54,Yes,No,Fiber optic,Yes,Yes,No,No,Yes,Yes,One year,Yes,Credit card (automatic),100.05,5299.65,No
4006-HKYHO,Male,0,No,No,63,Yes,No,DSL,Yes,Yes,Yes,Yes,Yes,Yes,Two year,Yes,Bank transfer (automatic),86.7,5309.5,No
0377-JBKKT,Male,0,Yes,Yes,22,Yes,No,DSL,Yes,Yes,No,Yes,No,No,Month-to-month,Yes,Mailed check,57.95,1271.8,No
0839-QNXME,Female,0,No,No,30,Yes,No,No,No internet service,No internet service,No internet service,No internet service,No internet service,No internet service,Two year,No,Credit card (automatic),19.4,578.5,No
8996-ZROXE,Male,1,No,No,57,Yes,No,DSL,No,No,Yes,Yes,No,No,One year,Yes,Electronic check,53.5,3035.8,No
2480-EJWYP,Female,1,Yes,No,58,Yes,Yes,Fiber optic,No,Yes,No,No,Yes,Yes,One year,Yes,Bank transfer (automatic),97.8,5458.8,No
9591-YVTEB,Male,1,No,No,55,No,No phone service,DSL,Yes,Yes,No,No,Yes,No,Month-to-month,Yes,Electronic check,44.85,2479.05,No
0402-CQAJN,Female,0,No,No,37,Yes,Yes,Fiber optic,No,Yes,Yes,No,Yes,Yes,Month-to-month,Yes,Bank transfer (automatic),101.9,3545.35,Yes
3620-MWJNE,Male,0,No,No,2,Yes,No,DSL,Yes,No,No,Yes,No,No,Month-to-month,Yes,Mailed check,54.45,87.3,No
9681-KYGYB,Male,1,Yes,No,49,Yes,Yes,Fiber optic,Yes,Yes,Yes,No,No,No,Month-to-month,Yes,Electronic check,88.2,4159.45,No
2956-GGUCQ,Male,1,Yes,No,24,Yes,Yes,Fiber optic,Yes,No,No,No,No,No,Month-to-month,Yes,Electronic check,78.85,1772.25,Yes
6303-KFWSL,Female,0,No,No,29,Yes,Yes,DSL,No,Yes,No,No,No,No,One year,Yes,Electronic check,55.25,1620.2,No
9448-REEVD,Male,0,Yes,No,1,Yes,No,DSL,No,No,No,No,No,No,Month-to-month,No,Credit card (automatic),44.7,44.7,Yes
1841-YSJGV,Male,0,Yes,No,72,Yes,Yes,Fiber optic,Yes,Yes,No,Yes,Yes,Yes,Two year,Yes,Credit card (automatic),109.95,7852.4,No
2458-EOMRE,Female,0,No,No,11,Yes,No,DSL,Yes,No,Yes,No,No,Yes,Month-to-month,No,Bank transfer (automatic),64.05,733.95,No
2575-GFSOE,Female,0,Yes,Yes,7,Yes,No,Fiber optic,No,No,No,No,No,No,Month-to-month,Yes,Electronic check,69.0,506.9,Yes
8164-OCKUJ,Female,0,Yes,Yes,59,Yes,No,No,No internet service,No internet service,No internet service,No internet service,No internet service,No internet service,Two year,No,Mailed check,20.6,1286,No
3067-SVMTC,Female,0,Yes,No,68,Yes,No,DSL,Yes,No,No,Yes,No,No,One year,No,Bank transfer (automatic),55.9,3848.8,No
3392-EHMNK,Female,0,Yes,Yes,67,Yes,Yes,Fiber optic,No,Yes,No,Yes,Yes,No,Two year,No,Credit card (automatic),94.1,6302.8,No
5561-NWEVX,Female,1,Yes,No,2,Yes,Yes,Fiber optic,No,No,Yes,No,No,No,Month-to-month,No,Electronic check,79.2,172.85,Yes
5692-ICXLW,Male,1,No,No,31,Yes,Yes,Fiber optic,No,Yes,No,No,Yes,No,Month-to-month,Yes,Electronic check,90.7,2845.15,No
6371-NZYEG,Male,0,Yes,Yes,16,Yes,No,DSL,Yes,No,Yes,No,Yes,No,Two year,No,Mailed check,64.25,1024,No
6086-ESGRL,Female,0,No,No,1,Yes,No,Fiber optic,No,No,No,No,No,Yes,Month-to-month,No,Credit card (automatic),80.15,80.15,Yes
2719-BDAQO,Male,0,No,No,17,Yes,No,Fiber optic,Yes,No,No,No,Yes,Yes,Month-to-month,No,Electronic check,93.85,1625.65,Yes
4115-NZRKS,Female,1,No,No,7,Yes,No,Fiber optic,No,No,No,No,Yes,Yes,Month-to-month,Yes,Electronic check,89.15,574.35,No
6728-WYQBC,Male,0,No,No,1,Yes,No,No,No internet service,No internet service,No internet service,No internet service,No internet service,No internet service,Month-to-month,No,Bank transfer (automatic),20.95,20.95,No
4439-YRNVD,Female,0,No,No,10,No,No phone service,DSL,No,Yes,No,Yes,No,No,Month-to-month,No,Electronic check,36.25,374,No
0139-IVFJG,Female,0,Yes,No,2,Yes,No,Fiber optic,Yes,Yes,No,No,Yes,No,Month-to-month,No,Electronic check,90.35,190.5,No
9348-ROUAI,Female,0,Yes,Yes,59,Yes,Yes,DSL,Yes,Yes,Yes,Yes,Yes,Yes,Two year,No,Credit card (automatic),90.3,5194.05,No
1980-KXVPM,Female,1,No,No,3,Yes,Yes,Fiber optic,No,No,No,No,No,No,Month-to-month,Yes,Credit card (automatic),75.05,256.25,Yes
9453-PATOS,Female,0,Yes,No,72,Yes,No,DSL,Yes,Yes,Yes,Yes,Yes,Yes,Two year,No,Mailed check,85.1,6155.4,No
7277-OZCGZ,Female,0,No,No,22,Yes,No,Fiber optic,Yes,No,No,Yes,No,Yes,Month-to-month,Yes,Electronic check,89.05,1886.25,No
5701-ZIKJE,Male,0,No,No,13,Yes,No,DSL,No,No,No,Yes,No,No,Month-to-month,Yes,Mailed check,50.55,610.75,No
8095-WANWK,Female,0,No,No,10,Yes,No,DSL,No,No,No,No,No,No,Month-to-month,No,Mailed check,45.25,428.7,No
9885-MFVSU,Female,0,Yes,Yes,35,No,No phone service,DSL,Yes,No,No,Yes,Yes,No,Two year,Yes,Credit card (automatic),46.35,1662.05,No
1545-JFUML,Male,0,Yes,No,71,Yes,Yes,Fiber optic,Yes,Yes,Yes,No,Yes,No,Two year,Yes,Electronic check,99.0,6994.6,No
0265-EDXBD,Male,1,Yes,No,32,Yes,Yes,Fiber optic,No,No,No,No,No,No,Month-to-month,Yes,Electronic check,74.9,2303.35,Yes
3113-IWHLC,Male,0,No,No,5,Yes,No,DSL,Yes,No,Yes,No,No,No,Month-to-month,Yes,Mailed check,55.8,274.35,No
5216-WASFJ,Female,1,Yes,No,31,Yes,Yes,Fiber optic,No,No,No,No,No,Yes,Month-to-month,Yes,Electronic check,84.85,2633.4,No
3450-WXOAT,Male,0,No,No,46,Yes,No,DSL,No,No,No,No,No,No,Month-to-month,Yes,Credit card (automatic),45.2,2065.15,No
4818-QIUFN,Female,1,No,No,20,Yes,Yes,Fiber optic,Yes,No,No,No,No,No,Month-to-month,Yes,Electronic check,79.15,1520.9,Yes
9773-PEQBZ,Male,0,No,No,10,Yes,Yes,Fiber optic,No,Yes,No,No,No,No,Month-to-month,No,Electronic check,79.85,797.25,No
4566-GOLUK,Male,0,Yes,Yes,47,Yes,Yes,Fiber optic,No,No,Yes,Yes,Yes,Yes,Month-to-month,Yes,Bank transfer (automatic),107.35,5118.95,Yes
9921-QFQUL,Female,0,Yes,No,23,Yes,Yes,Fiber optic,No,No,Yes,No,No,Yes,Month-to-month,No,Mailed check,90.15,2044.95,No
9919-KNPOO,Female,0,Yes,No,21,Yes,Yes,Fiber optic,No,No,No,No,Yes,Yes,Month-to-month,Yes,Electronic check,94.3,1948.35,No
8405-IGQFX,Female,0,No,No,63,Yes,No,Fiber optic,No,No,Yes,Yes,Yes,No,One year,Yes,Credit card (automatic),90.05,5817,No
7579-OOPEC,Female,1,Yes,No,2,Yes,No,DSL,No,Yes,No,No,No,No,Month-to-month,No,Credit card (automatic),50.15,115.1,Yes
3363-EWLGO,Female,0,No,No,5,Yes,No,No,No internet service,No internet service,No internet service,No internet service,No internet service,No internet service,Month-to-month,No,Mailed check,19.95,109.6,No
1251-STYSZ,Female,1,No,No,4,Yes,Yes,Fiber optic,Yes,No,No,No,No,No,Month-to-month,Yes,Electronic check,80.25,303.7,No
4254-QPEDE,Female,0,Yes,No,52,No,No phone service,DSL,Yes,Yes,Yes,Yes,Yes,Yes,Two year,No,Credit card (automatic),66.25,3330.1,No
0042-JVWOJ,Male,0,No,No,26,Yes,No,No,No internet service,No internet service,No internet service,No internet service,No internet service,No internet service,One year,Yes,Bank transfer (automatic),19.6,471.85,No
2260-USTRB,Female,1,No,No,2,Yes,No,Fiber optic,No,No,No,No,No,No,Month-to-month,Yes,Bank transfer (automatic),70.2,115.95,Yes
8974-OVACP,Female,0,No,No,1,Yes,No,No,No internet service,No internet service,No internet service,No internet service,No internet service,No internet service,Month-to-month,No,Mailed check,20.15,20.15,No
7191-ADRGF,Male,0,Yes,No,44,No,No phone service,DSL,No,Yes,Yes,No,Yes,Yes,Two year,No,Bank transfer (automatic),54.3,2390.45,No
0746-JTRFU,Male,0,No,No,2,No,No phone service,DSL,No,No,No,No,No,No,Month-to-month,Yes,Electronic check,25.05,56.35,Yes
2303-PJYHN,Female,0,Yes,No,2,Yes,No,No,No internet service,No internet service,No internet service,No internet service,No internet service,No internet service,Month-to-month,No,Bank transfer (automatic),19.85,52,No
0114-PEGZZ,Female,0,No,No,33,Yes,Yes,Fiber optic,No,Yes,Yes,No,Yes,Yes,Month-to-month,No,Electronic check,107.55,3645.5,No
2475-MROZF,Male,0,No,No,30,Yes,Yes,Fiber optic,Yes,Yes,Yes,Yes,No,No,Month-to-month,Yes,Credit card (automatic),95.0,2852.4,No
3621-CEOVK,Female,1,Yes,No,14,Yes,Yes,Fiber optic,No,Yes,No,No,Yes,Yes,Month-to-month,Yes,Electronic check,100.2,1369.8,Yes
7989-CHGTL,Male,0,No,No,1,Yes,No,No,No internet service,No internet service,No internet service,No internet service,No internet service,No internet service,Month-to-month,Yes,Mailed check,19.6,19.6,Yes
3338-CVVEH,Male,0,No,No,12,Yes,Yes,Fiber optic,No,No,No,No,Yes,Yes,Month-to-month,No,Electronic check,94.55,1173.55,No
9053-EJUNL,Male,0,No,No,41,Yes,Yes,Fiber optic,No,Yes,No,No,Yes,No,Month-to-month,Yes,Electronic check,89.2,3645.75,No
9547-ITEFG,Male,0,Yes,Yes,9,Yes,Yes,Fiber optic,No,Yes,Yes,No,Yes,Yes,Month-to-month,Yes,Credit card (automatic),102.6,897.75,No
4627-MIHJH,Female,1,No,No,69,Yes,Yes,Fiber optic,Yes,No,Yes,Yes,Yes,Yes,Two year,No,Credit card (automatic),110.25,7467.55,No
1285-OKIPP,Male,0,No,No,1,Yes,No,Fiber optic,No,No,No,No,No,Yes,Month-to-month,No,Electronic check,79.9,79.9,Yes
4237-CLSMM,Male,0,Yes,No,2,Yes,No,No,No internet service,No internet service,No internet service,No internet service,No internet service,No internet service,Month-to-month,No,Mailed check,20.0,38,No
9734-UYXQI,Female,0,No,No,2,Yes,Yes,DSL,No,No,No,No,No,No,Month-to-month,Yes,Electronic check,49.4,106.55,Yes
1821-BUCWY,Male,0,No,No,30,Yes,No,DSL,Yes,No,Yes,No,No,No,Two year,Yes,Mailed check,55.65,1653.85,No
4075-JFPGR,Female,0,Yes,No,51,Yes,No,Fiber optic,Yes,Yes,Yes,No,Yes,No,One year,Yes,Electronic check,93.5,4619.55,No
5671-UUNXD,Female,1,Yes,No,50,Yes,Yes,Fiber optic,No,No,No,Yes,Yes,Yes,One year,Yes,Electronic check,100.65,5189.75,No
0971-QIFJK,Female,0,Yes,No,69,Yes,Yes,No,No internet service,No internet service,No internet service,No internet service,No internet service,No internet service,Two year,No,Bank transfer (automatic),24.25,1641.8,No
6297-NOOPG,Female,0,Yes,No,70,Yes,Yes,Fiber optic,No,Yes,Yes,Yes,Yes,Yes,Two year,Yes,Electronic check,110.5,7752.05,No
1702-CCFNJ,Male,0,Yes,No,52,Yes,Yes,DSL,No,Yes,No,Yes,No,No,Month-to-month,No,Bank transfer (automatic),61.35,3169.55,No
0991-BRRFB,Male,0,No,No,18,Yes,No,DSL,Yes,No,No,No,No,No,Month-to-month,No,Electronic check,49.4,874.8,Yes
5575-TPIZQ,Male,0,No,No,46,Yes,Yes,Fiber optic,Yes,No,No,No,Yes,No,Month-to-month,Yes,Credit card (automatic),89.15,4245.55,No
2075-PUEPR,Male,0,Yes,Yes,55,Yes,No,No,No internet service,No internet service,No internet service,No internet service,No internet service,No internet service,Two year,No,Bank transfer (automatic),19.35,1153.25,No
0506-LVNGN,Female,1,No,No,5,Yes,No,Fiber optic,No,No,Yes,No,No,No,Month-to-month,Yes,Credit card (automatic),75.55,349.65,Yes
4140-MUHUG,Female,1,No,No,3,Yes,No,Fiber optic,No,No,Yes,No,Yes,No,Month-to-month,Yes,Electronic check,86.85,220.95,Yes
7968-QUXNS,Male,0,No,No,6,Yes,No,No,No internet service,No internet service,No internet service,No internet service,No internet service,No internet service,Month-to-month,No,Mailed check,18.95,110.15,No
9530-GRMJG,Male,0,Yes,Yes,70,Yes,Yes,DSL,No,Yes,Yes,Yes,Yes,Yes,Two year,Yes,Electronic check,84.1,5979.7,No
2123-VSCOT,Female,0,Yes,Yes,59,Yes,Yes,DSL,No,No,Yes,Yes,Yes,No,Two year,Yes,Bank transfer (automatic),72.1,4194.85,No
9411-TPQQV,Female,0,No,No,40,No,No phone service,DSL,Yes,No,No,Yes,Yes,Yes,One year,Yes,Bank transfer (automatic),54.55,2236.2,No
3973-SKMLN,Male,0,No,No,71,Yes,No,No,No internet service,No internet service,No internet service,No internet service,No internet service,No internet service,Two year,Yes,Credit card (automatic),19.9,1355.1,No
9696-RMYBA,Male,0,No,No,5,Yes,No,Fiber optic,No,No,No,No,Yes,No,Month-to-month,Yes,Mailed check,80.1,398.55,No
8734-DKSTZ,Female,0,Yes,Yes,10,Yes,Yes,Fiber optic,No,No,No,No,No,Yes,Month-to-month,No,Electronic check,85.95,858.6,No
5336-UFNZP,Female,1,Yes,Yes,65,Yes,Yes,Fiber optic,No,Yes,Yes,No,Yes,Yes,One year,Yes,Electronic check,107.45,7047.5,No
6180-YBIQI,Male,0,No,No,5,No,No phone service,DSL,No,No,No,No,No,No,Month-to-month,No,Mailed check,24.3,100.2,No
1406-PUQVY,Male,0,No,Yes,1,Yes,No,DSL,No,Yes,No,No,No,No,Month-to-month,Yes,Electronic check,49.9,49.9,No
5016-LIPDW,Male,0,Yes,Yes,57,Yes,No,No,No internet service,No internet service,No internet service,No internet service,No internet service,No internet service,One year,No,Mailed check,19.4,1061.6,No
6418-PIQSP,Female,0,Yes,No,62,Yes,No,DSL,Yes,No,Yes,Yes,Yes,Yes,Two year,No,Mailed check,81.0,4985.9,No
3280-MRDOF,Male,1,No,No,30,Yes,Yes,DSL,No,No,Yes,Yes,Yes,No,Two year,Yes,Credit card (automatic),69.1,2093.9,No
3016-KSVCP,Male,0,Yes,No,29,No,No phone service,DSL,No,No,No,No,Yes,No,Month-to-month,No,Mailed check,33.75,1009.25,No
2908-WGAXL,Female,0,Yes,Yes,56,Yes,Yes,No,No internet service,No internet service,No internet service,No internet service,No internet service,No internet service,Two year,Yes,Credit card (automatic),24.95,1468.9,No
6968-MHOMU,Male,0,Yes,No,58,No,No phone service,DSL,No,No,No,No,Yes,Yes,One year,Yes,Credit card (automatic),45.0,2689.35,No
2851-STERV,Male,1,No,No,35,Yes,No,DSL,No,No,Yes,Yes,Yes,Yes,One year,Yes,Electronic check,73.0,2471.25,No
8466-PZBLH,Male,0,Yes,Yes,67,Yes,Yes,Fiber optic,Yes,No,No,Yes,Yes,Yes,Two year,No,Bank transfer (automatic),104.6,6885.75,No
2126-GSEGL,Female,0,Yes,No,70,Yes,Yes,DSL,No,Yes,Yes,Yes,Yes,Yes,Two year,Yes,Bank transfer (automatic),84.8,5917.55,No
7508-KBIMB,Male,0,Yes,Yes,24,Yes,No,DSL,Yes,No,Yes,No,No,No,One year,Yes,Credit card (automatic),56.25,1454.25,No
5575-GNVDE,Male,0,No,No,34,Yes,No,DSL,Yes,No,Yes,No,No,No,One year,No,Mailed check,56.95,1889.5,No
2674-MLXMN,Female,1,No,No,71,Yes,Yes,Fiber optic,No,Yes,No,No,Yes,Yes,Month-to-month,Yes,Credit card (automatic),99.65,6951.15,No
6630-UJZMY,Female,1,Yes,No,4,Yes,Yes,Fiber optic,No,No,No,No,Yes,No,Month-to-month,Yes,Electronic check,83.25,308.05,No
1871-MOWRM,Male,0,Yes,No,12,Yes,No,Fiber optic,Yes,No,No,Yes,No,No,Month-to-month,No,Bank transfer (automatic),80.85,866.45,Yes
3426-NIYYL,Male,0,No,No,15,Yes,Yes,DSL,No,No,No,No,No,No,Month-to-month,No,Electronic check,51.55,765.5,Yes
5512-IDZEI,Male,0,Yes,Yes,46,Yes,Yes,No,No internet service,No internet service,No internet service,No internet service,No internet service,No internet service,One year,No,Electronic check,24.9,1174.8,No
2408-PSJVE,Male,0,Yes,Yes,44,Yes,No,DSL,No,Yes,Yes,Yes,No,No,Month-to-month,Yes,Mailed check,61.9,2924.05,No
3352-ALMCK,Male,0,No,No,40,Yes,Yes,Fiber optic,No,Yes,Yes,No,Yes,Yes,Month-to-month,Yes,Mailed check,102.65,4108.15,No
9221-OTIVJ,Female,1,No,No,14,Yes,Yes,Fiber optic,No,Yes,Yes,No,Yes,Yes,Month-to-month,Yes,Electronic check,104.85,1531.4,Yes
0993-OSGPT,Female,1,Yes,No,68,Yes,No,DSL,No,Yes,Yes,Yes,No,No,One year,Yes,Bank transfer (automatic),60.65,3975.9,No
6603-YRDCJ,Male,0,Yes,No,33,Yes,No,DSL,Yes,Yes,No,Yes,No,No,Two year,Yes,Mailed check,61.05,2018.4,No
4709-LKHYG,Female,0,Yes,Yes,29,Yes,No,No,No internet service,No internet service,No internet service,No internet service,No internet service,No internet service,One year,No,Electronic check,20.0,540.05,No
3758-CKOQL,Female,0,Yes,No,59,Yes,Yes,Fiber optic,Yes,Yes,Yes,Yes,No,Yes,One year,Yes,Credit card (automatic),107.0,6152.3,No
5201-FRKKS,Male,0,No,No,25,Yes,No,Fiber optic,Yes,No,No,No,No,No,Month-to-month,No,Bank transfer (automatic),74.3,1952.25,No
5044-LRQAQ,Female,0,Yes,No,7,Yes,No,Fiber optic,No,No,No,No,No,No,Month-to-month,Yes,Bank transfer (automatic),69.2,477.55,No
6557-BZXLQ,Male,1,No,No,16,Yes,No,Fiber optic,No,No,No,No,No,No,Month-to-month,No,Electronic check,69.65,1043.3,No
8608-OZTLB,Male,0,Yes,Yes,38,Yes,No,DSL,Yes,Yes,Yes,Yes,Yes,No,One year,No,Electronic check,74.05,2802.3,No
1436-ZMJAN,Female,0,Yes,No,10,Yes,No,DSL,No,No,Yes,No,Yes,Yes,Month-to-month,Yes,Credit card (automatic),67.8,653.15,No
6345-FZOQH,Male,0,Yes,No,69,Yes,No,No,No internet service,No internet service,No internet service,No internet service,No internet service,No internet service,Two year,No,Mailed check,19.9,1363.45,No
6008-NAIXK,Male,1,No,No,54,No,No phone service,DSL,No,Yes,Yes,No,Yes,Yes,One year,Yes,Electronic check,55.45,2966.95,No
9677-AVKED,Female,0,No,Yes,53,Yes,Yes,DSL,No,Yes,Yes,Yes,Yes,Yes,One year,Yes,Electronic check,84.6,4449.75,No
5515-IDEJJ,Male,0,Yes,Yes,1,Yes,No,No,No internet service,No internet service,No internet service,No internet service,No internet service,No internet service,Month-to-month,No,Mailed check,19.9,19.9,Yes
8591-NXRCV,Female,0,No,No,41,Yes,Yes,DSL,Yes,No,Yes,Yes,No,Yes,Month-to-month,Yes,Bank transfer (automatic),74.65,3090.65,No
7328-OWMOM,Female,0,No,Yes,31,Yes,No,No,No internet service,No internet service,No internet service,No internet service,No internet service,No internet service,One year,No,Credit card (automatic),20.1,589.25,No
4716-HHKQH,Male,1,Yes,No,20,Yes,Yes,Fiber optic,No,Yes,No,Yes,Yes,Yes,Month-to-month,No,Electronic check,107.05,2172.05,No
9862-KJTYK,Male,0,No,Yes,19,No,No phone service,DSL,No,No,No,No,No,No,Month-to-month,Yes,Credit card (automatic),25.35,566.1,No
5120-ZBLAI,Female,0,Yes,No,50,Yes,Yes,DSL,No,No,Yes,No,Yes,Yes,One year,No,Bank transfer (automatic),75.7,3876.2,No
2595-KIWPV,Male,0,No,Yes,27,Yes,No,No,No internet service,No internet service,No internet service,No internet service,No internet service,No internet service,Two year,No,Credit card (automatic),19.7,509.3,No
1725-IQNIY,Male,0,Yes,No,54,Yes,No,Fiber optic,Yes,Yes,Yes,Yes,Yes,Yes,Two year,No,Bank transfer (automatic),109.75,6110.2,Yes
3951-NJCVI,Female,1,Yes,No,42,Yes,Yes,Fiber optic,No,No,No,No,Yes,Yes,Month-to-month,Yes,Electronic check,95.05,3944.5,No
1423-BMPBQ,Female,0,Yes,Yes,1,Yes,No,No,No internet service,No internet service,No internet service,No internet service,No internet service,No internet service,Month-to-month,Yes,Mailed check,19.0,19,No
9837-FWLCH,Male,0,Yes,Yes,12,Yes,No,No,No internet service,No internet service,No internet service,No internet service,No internet service,No internet service,Month-to-month,Yes,Electronic check,19.2,239,No
3190-XFANI,Male,0,No,Yes,49,Yes,Yes,Fiber optic,No,No,No,Yes,Yes,Yes,One year,Yes,Bank transfer (automatic),100.6,5069.65,Yes
8725-JEDFD,Male,0,No,No,27,Yes,No,Fiber optic,No,No,No,No,No,No,Month-to-month,Yes,Mailed check,69.05,1793.25,No
0164-XAIRP,Female,0,No,No,24,Yes,No,No,No internet service,No internet service,No internet service,No internet service,No internet service,No internet service,Two year,Yes,Bank transfer (automatic),19.55,470.2,No
5174-ITUMV,Male,0,Yes,Yes,67,Yes,Yes,Fiber optic,No,Yes,Yes,No,Yes,Yes,One year,Yes,Electronic check,105.4,6989.45,No
6519-CFDBX,Female,0,No,No,2,Yes,No,DSL,No,No,No,No,No,No,Month-to-month,Yes,Electronic check,45.4,80.95,No
9637-CDTKZ,Male,0,Yes,No,72,Yes,Yes,Fiber optic,Yes,Yes,Yes,Yes,Yes,Yes,Two year,Yes,Credit card (automatic),114.1,8086.4,No
3692-JHONH,Female,1,Yes,No,52,Yes,Yes,Fiber optic,No,Yes,Yes,No,Yes,Yes,One year,Yes,Electronic check,106.5,5621.85,No
6347-DCUIK,Male,0,No,No,10,Yes,Yes,Fiber optic,No,No,No,No,No,No,Month-to-month,Yes,Mailed check,74.15,811.8,Yes
0336-PIKEI,Male,1,Yes,No,72,Yes,No,DSL,Yes,Yes,Yes,Yes,Yes,No,Two year,No,Bank transfer (automatic),74.4,5360.75,No
4013-UBXWQ,Female,0,No,No,7,Yes,Yes,DSL,No,No,No,Yes,Yes,Yes,Month-to-month,Yes,Electronic check,74.65,521.1,Yes
8606-CIQUL,Male,1,Yes,Yes,72,Yes,Yes,Fiber optic,Yes,Yes,Yes,Yes,Yes,Yes,Two year,Yes,Credit card (automatic),115.75,8399.15,No
3404-JNXAX,Female,0,Yes,Yes,51,Yes,Yes,Fiber optic,No,No,No,Yes,No,No,Month-to-month,Yes,Electronic check,80.75,4116.9,No
2665-NPTGL,Female,1,Yes,No,26,Yes,Yes,Fiber optic,No,No,Yes,No,Yes,Yes,Month-to-month,Yes,Bank transfer (automatic),98.1,2510.7,No
9278-VZKCD,Female,1,Yes,No,52,Yes,Yes,Fiber optic,Yes,Yes,Yes,No,Yes,Yes,Month-to-month,Yes,Electronic check,109.1,5647.95,No
9620-QJREV,Male,0,No,Yes,47,Yes,No,No,No internet service,No internet service,No internet service,No internet service,No internet service,No internet service,One year,No,Credit card (automatic),20.55,1013.05,No
0827-ITJPH,Male,0,No,No,36,Yes,No,No,No internet service,No internet service,No internet service,No internet service,No internet service,No internet service,Two year,Yes,Credit card (automatic),18.55,689,No
0137-UDEUO,Female,0,No,No,3,Yes,No,No,No internet service,No internet service,No internet service,No internet service,No internet service,No internet service,Month-to-month,No,Mailed check,19.85,63.75,Yes
3878-AVSOQ,Female,1,No,No,1,Yes,No,Fiber optic,No,No,No,No,No,No,Month-to-month,Yes,Electronic check,71.25,71.25,No
1271-SJBGZ,Male,1,No,No,12,No,No phone service,DSL,No,No,Yes,Yes,No,Yes,Month-to-month,Yes,Electronic check,43.65,526.95,Yes
0619-OLYUR,Male,0,Yes,No,72,Yes,Yes,Fiber optic,Yes,No,Yes,Yes,Yes,Yes,Two year,Yes,Credit card (automatic),111.9,8071.05,No
7531-GQHME,Male,0,No,No,12,Yes,No,No,No internet service,No internet service,No internet service,No internet service,No internet service,No internet service,Month-to-month,No,Credit card (automatic),20.05,265.45,No
5178-LMXOP,Male,1,Yes,No,1,Yes,Yes,Fiber optic,No,No,No,No,Yes,Yes,Month-to-month,Yes,Electronic check,95.1,95.1,Yes
2364-UFROM,Male,0,No,No,30,Yes,No,DSL,Yes,Yes,No,Yes,Yes,No,One year,No,Electronic check,70.4,2044.75,No
3570-YUEKJ,Female,0,No,No,42,Yes,No,DSL,No,Yes,No,No,No,No,Month-to-month,Yes,Electronic check,49.55,2077.95,No
9048-JVYVF,Male,0,No,No,3,Yes,No,DSL,No,No,No,Yes,Yes,Yes,Month-to-month,Yes,Electronic check,69.35,191.35,Yes
4154-AQUGT,Male,1,Yes,No,13,Yes,No,Fiber optic,No,Yes,No,Yes,No,Yes,Month-to-month,Yes,Bank transfer (automatic),89.05,1169.35,Yes
2612-RANWT,Female,0,No,No,12,Yes,Yes,Fiber optic,No,No,Yes,No,Yes,Yes,Month-to-month,Yes,Bank transfer (automatic),100.15,1164.3,Yes
3768-NLUBH,Male,1,Yes,No,57,Yes,Yes,Fiber optic,No,No,Yes,No,Yes,Yes,Month-to-month,No,Electronic check,100.6,5746.15,Yes
9606-PBKBQ,Male,1,Yes,No,32,Yes,Yes,Fiber optic,No,No,No,No,No,Yes,Month-to-month,Yes,Electronic check,85.0,2642.05,Yes
3442-ZHHCC,Male,0,No,No,68,Yes,Yes,DSL,Yes,Yes,Yes,No,No,Yes,One year,Yes,Credit card (automatic),76.9,5023,No
5726-CVNYA,Female,0,Yes,Yes,8,Yes,No,No,No internet service,No internet service,No internet service,No internet service,No internet service,No internet service,Two year,Yes,Mailed check,19.85,146.6,No
7839-QRKXN,Female,0,No,No,1,Yes,No,No,No internet service,No internet service,No internet service,No internet service,No internet service,No internet service,Month-to-month,Yes,Mailed check,20.2,20.2,Yes
5296-BFCYD,Male,0,Yes,Yes,46,Yes,No,No,No internet service,No internet service,No internet service,No internet service,No internet service,No internet service,Two year,Yes,Mailed check,20.1,936.85,No
1960-UYCNN,Male,0,No,No,10,Yes,Yes,Fiber optic,No,Yes,Yes,No,No,Yes,Month-to-month,Yes,Electronic check,95.25,1021.55,No
0928-JMXNP,Male,1,Yes,No,4,No,No phone service,DSL,No,No,Yes,No,No,No,Month-to-month,Yes,Electronic check,29.9,118.25,No
6185-TASNN,Male,1,No,No,1,Yes,No,DSL,No,No,No,No,No,No,Month-to-month,No,Electronic check,46.3,46.3,No
4750-ZRXIU,Female,1,No,No,4,Yes,Yes,Fiber optic,No,No,No,No,No,Yes,Month-to-month,Yes,Electronic check,84.6,360.1,Yes
3274-NSDWE,Female,0,No,No,68,Yes,No,No,No internet service,No internet service,No internet service,No internet service,No internet service,No internet service,Two year,No,Credit card (automatic),19.6,1441.65,No
5887-IKKYO,Male,0,Yes,Yes,58,Yes,Yes,Fiber optic,No,No,Yes,Yes,No,Yes,Two year,No,Bank transfer (automatic),94.35,5563.65,No
3439-GVUSX,Male,0,No,No,1,No,No phone service,DSL,No,No,No,No,No,No,Month-to-month,No,Mailed check,24.4,24.4,No
8224-DWCKX,Male,1,No,No,12,Yes,Yes,Fiber optic,No,No,No,No,No,No,Month-to-month,Yes,Credit card (automatic),73.3,828.05,No
0266-GMEAO,Male,0,Yes,Yes,72,Yes,Yes,Fiber optic,Yes,Yes,Yes,Yes,Yes,Yes,Two year,Yes,Credit card (automatic),114.3,8058.55,No
9681-OXGVC,Female,0,No,No,5,Yes,Yes,Fiber optic,No,No,Yes,No,Yes,Yes,Month-to-month,Yes,Electronic check,100.5,514,Yes
2466-FCCPT,Female,0,Yes,Yes,20,Yes,No,No,No internet service,No internet service,No internet service,No internet service,No internet service,No internet service,One year,No,Bank transfer (automatic),19.7,395.6,No
9046-JBFWA,Male,0,No,Yes,27,Yes,No,No,No internet service,No internet service,No internet service,No internet service,No internet service,No internet service,Month-to-month,No,Mailed check,19.15,537.35,No
2455-USLMV,Female,0,No,No,31,Yes,Yes,Fiber optic,Yes,No,Yes,No,No,No,Month-to-month,Yes,Credit card (automatic),84.75,2613.4,No
0326-VDYXE,Female,0,Yes,No,70,Yes,Yes,Fiber optic,No,No,Yes,No,Yes,Yes,One year,Yes,Electronic check,97.65,6982.5,No
6332-FBZRI,Male,0,Yes,Yes,67,Yes,Yes,DSL,Yes,Yes,Yes,Yes,No,No,One year,Yes,Credit card (automatic),69.35,4653.25,No
9631-XEYKE,Male,0,No,No,3,Yes,Yes,DSL,No,No,No,No,No,No,Month-to-month,No,Bank transfer (automatic),50.4,137.25,No
4786-UKSNZ,Male,0,No,No,1,Yes,No,No,No internet service,No internet service,No internet service,No internet service,No internet service,No internet service,Month-to-month,No,Mailed check,20.2,20.2,Yes
9931-DCEZH,Male,0,No,Yes,28,Yes,No,DSL,No,Yes,No,Yes,No,No,One year,Yes,Credit card (automatic),54.4,1516.6,No
4962-CHQPW,Male,0,No,Yes,29,Yes,No,No,No internet service,No internet service,No internet service,No internet service,No internet service,No internet service,One year,No,Mailed check,19.85,535.05,No
1602-IJQQE,Female,0,No,No,4,Yes,Yes,Fiber optic,No,No,No,No,No,No,Month-to-month,No,Electronic check,75.35,338.1,Yes
4717-GHADL,Female,0,No,No,50,Yes,Yes,DSL,No,Yes,No,Yes,Yes,Yes,Two year,Yes,Mailed check,79.6,4024.2,No
2522-WLNSF,Female,1,Yes,No,34,Yes,No,DSL,No,No,Yes,Yes,Yes,No,One year,No,Bank transfer (automatic),64.2,2106.3,No
9742-XOKTS,Male,0,Yes,Yes,67,Yes,Yes,Fiber optic,Yes,Yes,No,Yes,No,No,One year,No,Electronic check,89.55,6038.55,No
9958-MEKUC,Male,0,Yes,Yes,72,Yes,Yes,Fiber optic,Yes,Yes,Yes,Yes,No,Yes,Two year,No,Credit card (automatic),103.95,7517.7,No
2265-CYWIV,Female,1,Yes,No,4,Yes,Yes,Fiber optic,Yes,No,No,No,Yes,Yes,Month-to-month,Yes,Electronic check,99.6,347.65,Yes
2123-AGEEN,Female,1,No,No,7,Yes,No,Fiber optic,No,No,Yes,No,Yes,No,Month-to-month,Yes,Electronic check,84.35,609.65,No
2750-BJLSB,Female,0,No,No,47,Yes,No,Fiber optic,Yes,No,Yes,Yes,Yes,Yes,One year,Yes,Electronic check,103.7,4730.6,No
9496-IVVRP,Female,0,Yes,Yes,11,Yes,No,DSL,Yes,No,No,No,No,No,Month-to-month,No,Bank transfer (automatic),51.0,581.7,No
9412-GHEEC,Male,0,No,No,40,Yes,Yes,Fiber optic,No,No,Yes,Yes,Yes,Yes,Month-to-month,No,Bank transfer (automatic),104.8,4131.95,Yes
2474-BRUCM,Male,1,Yes,No,40,Yes,Yes,Fiber optic,Yes,No,No,No,Yes,Yes,Month-to-month,No,Electronic check,101.85,4086.3,Yes
8510-BBWMU,Female,0,No,No,41,Yes,No,No,No internet service,No internet service,No internet service,No internet service,No internet service,No internet service,One year,Yes,Mailed check,19.75,806.95,No
5899-OUVKV,Male,0,No,No,31,Yes,No,Fiber optic,No,Yes,No,No,Yes,Yes,Month-to-month,Yes,Electronic check,94.5,2979.2,No
6134-KWTBV,Male,0,No,No,62,Yes,Yes,No,No internet service,No internet service,No internet service,No internet service,No internet service,No internet service,Two year,No,Bank transfer (automatic),23.4,1429.65,No
4488-KQFDT,Female,0,No,No,61,Yes,Yes,Fiber optic,No,Yes,Yes,No,Yes,Yes,One year,Yes,Electronic check,103.95,6423,No
3884-UEBXB,Female,0,Yes,Yes,67,No,No phone service,DSL,Yes,Yes,No,No,No,No,Two year,No,Bank transfer (automatic),36.15,2434.45,No
8735-SDUFN,Female,1,Yes,No,72,Yes,Yes,No,No internet service,No internet service,No internet service,No internet service,No internet service,No internet service,Two year,No,Bank transfer (automatic),24.3,1778.7,No
8046-DNVTL,Male,0,Yes,No,62,No,No phone service,DSL,Yes,Yes,No,Yes,No,No,Two year,Yes,Credit card (automatic),38.6,2345.55,No
5276-KQWHG,Female,1,No,No,2,Yes,No,Fiber optic,No,No,No,No,No,No,Month-to-month,Yes,Electronic check,69.6,131.65,Yes
5090-EMGTC,Female,0,Yes,No,59,Yes,No,Fiber optic,No,Yes,No,Yes,Yes,Yes,Two year,Yes,Mailed check,100.05,6034.85,No
5543-QDCRY,Male,0,No,No,4,Yes,No,DSL,No,No,No,No,Yes,No,Month-to-month,Yes,Electronic check,56.4,234.85,No
5248-YGIJN,Male,0,Yes,No,72,Yes,Yes,DSL,Yes,Yes,Yes,Yes,Yes,Yes,Two year,Yes,Credit card (automatic),90.25,6369.45,No
8597-CTXVJ,Male,0,No,Yes,70,Yes,Yes,DSL,Yes,Yes,No,Yes,No,No,One year,No,Bank transfer (automatic),64.95,4551.5,No
9668-PUGNU,Male,0,Yes,No,71,Yes,Yes,No,No internet service,No internet service,No internet service,No internet service,No internet service,No internet service,Two year,Yes,Electronic check,24.5,1816.2,No
2519-FAKOD,Male,0,No,Yes,38,Yes,Yes,Fiber optic,No,No,Yes,No,Yes,Yes,Month-to-month,Yes,Bank transfer (automatic),99.25,3777.15,Yes
4325-NFSKC,Male,1,No,No,19,Yes,Yes,Fiber optic,Yes,No,No,No,Yes,No,Month-to-month,Yes,Electronic check,90.6,1660,Yes
7379-POKDZ,Male,0,Yes,No,3,Yes,No,Fiber optic,No,No,No,No,No,No,Month-to-month,Yes,Electronic check,70.3,208.85,Yes
1548-ARAGG,Female,0,Yes,Yes,4,Yes,Yes,DSL,No,Yes,No,Yes,No,No,Month-to-month,Yes,Mailed check,58.5,224.85,No
5175-AOBHI,Female,0,No,No,4,Yes,No,DSL,No,No,No,No,No,No,Month-to-month,Yes,Mailed check,46.0,193.6,Yes
9512-UIBFX,Male,0,Yes,Yes,18,Yes,No,Fiber optic,No,No,Yes,No,Yes,Yes,Month-to-month,No,Mailed check,95.15,1779.95,Yes
5313-FPXWG,Male,0,No,No,51,Yes,Yes,No,No internet service,No internet service,No internet service,No internet service,No internet service,No internet service,One year,Yes,Bank transfer (automatic),24.6,1266.4,No
5889-LFOLL,Female,0,No,No,13,Yes,Yes,Fiber optic,No,No,No,No,No,Yes,Month-to-month,Yes,Electronic check,84.6,1115.2,Yes
2789-HQBOU,Male,0,No,No,3,Yes,No,Fiber optic,No,No,No,No,No,Yes,Month-to-month,Yes,Electronic check,80.35,253.8,No
0875-CABNR,Female,1,No,No,10,Yes,No,Fiber optic,No,No,Yes,No,No,Yes,Month-to-month,Yes,Credit card (automatic),84.6,865.55,Yes
0487-RPVUM,Male,0,Yes,No,61,Yes,Yes,Fiber optic,Yes,No,Yes,Yes,Yes,No,Month-to-month,No,Bank transfer (automatic),99.4,5943.65,No
1680-VDCWW,Male,0,Yes,No,12,Yes,No,No,No internet service,No internet service,No internet service,No internet service,No internet service,No internet service,One year,No,Bank transfer (automatic),19.8,202.25,No
4139-SUGLD,Male,0,Yes,Yes,31,No,No phone service,DSL,Yes,No,No,Yes,No,No,Month-to-month,No,Bank transfer (automatic),35.4,1077.5,Yes
4661-NJEUX,Male,0,No,No,1,Yes,No,No,No internet service,No internet service,No internet service,No internet service,No internet service,No internet service,Month-to-month,Yes,Mailed check,20.05,20.05,No
4079-WWQQQ,Male,0,No,No,72,No,No phone service,DSL,Yes,Yes,Yes,Yes,Yes,Yes,Two year,Yes,Bank transfer (automatic),65.55,4807.45,No
1236-WFCDV,Male,1,No,No,14,Yes,No,Fiber optic,No,No,No,No,Yes,Yes,Month-to-month,No,Credit card (automatic),90.45,1266.1,Yes
6330-JKLPC,Male,0,Yes,No,11,Yes,Yes,Fiber optic,No,Yes,No,No,No,No,Month-to-month,Yes,Bank transfer (automatic),80.5,896.9,Yes
1004-NOZNR,Male,1,No,Yes,56,Yes,No,Fiber optic,Yes,No,No,No,Yes,Yes,One year,No,Credit card (automatic),94.8,5264.3,No
5650-YLIBA,Male,0,No,No,31,Yes,Yes,Fiber optic,No,Yes,No,No,No,No,Month-to-month,Yes,Electronic check,81.15,2640.55,No
0690-SRQID,Male,0,No,No,4,Yes,No,No,No internet service,No internet service,No internet service,No internet service,No internet service,No internet service,Month-to-month,Yes,Mailed check,19.65,67.55,No
3179-GBRWV,Male,1,Yes,No,21,Yes,No,DSL,Yes,Yes,No,No,No,Yes,Month-to-month,Yes,Bank transfer (automatic),64.95,1339.8,No
8966-OIQHG,Female,0,Yes,Yes,22,Yes,No,No,No internet service,No internet service,No internet service,No internet service,No internet service,No internet service,One year,No,Bank transfer (automatic),20.75,452.35,No
1084-UQCHV,Male,0,No,Yes,1,Yes,No,Fiber optic,No,No,No,No,No,No,Month-to-month,No,Bank transfer (automatic),69.75,69.75,Yes
6507-ZJSUR,Male,1,Yes,No,23,Yes,No,Fiber optic,No,No,No,No,Yes,Yes,Month-to-month,Yes,Electronic check,90.45,2117.25,No
6114-TCFID,Female,0,No,No,29,No,No phone service,DSL,Yes,Yes,No,Yes,No,No,One year,No,Credit card (automatic),39.5,1082.75,No
7025-WCBNE,Male,1,No,No,47,Yes,Yes,DSL,No,Yes,No,Yes,No,No,Two year,No,Bank transfer (automatic),59.6,2754,No
9052-VKDUW,Female,1,Yes,No,65,Yes,Yes,Fiber optic,Yes,Yes,Yes,No,Yes,Yes,Month-to-month,Yes,Credit card (automatic),109.4,7227.45,No
5999-LCXAO,Female,0,No,No,1,No,No phone service,DSL,Yes,No,No,No,No,No,Month-to-month,No,Mailed check,29.9,29.9,No
0277-BKSQP,Male,0,Yes,Yes,8,Yes,No,DSL,No,No,No,No,Yes,No,Month-to-month,Yes,Electronic check,54.4,475.1,No
5593-SUAOO,Female,0,Yes,Yes,24,Yes,Yes,Fiber optic,No,Yes,Yes,No,No,No,One year,No,Bank transfer (automatic),83.15,2033.05,No
9965-YOKZB,Male,1,No,No,9,Yes,Yes,Fiber optic,No,No,No,No,No,Yes,Month-to-month,Yes,Electronic check,83.85,790.15,Yes
9026-RNUJS,Male,1,No,No,5,Yes,No,DSL,No,No,Yes,No,No,No,Month-to-month,No,Electronic check,50.35,237.25,Yes
8922-LIEGH,Female,1,No,No,25,Yes,Yes,Fiber optic,No,Yes,No,No,No,Yes,Month-to-month,Yes,Electronic check,89.7,2187.55,Yes
6993-OHLXR,Female,0,No,No,2,Yes,No,Fiber optic,No,No,No,No,No,No,Month-to-month,No,Electronic check,68.95,119.75,Yes
7762-ONLJY,Female,0,Yes,Yes,6,Yes,No,No,No internet service,No internet service,No internet service,No internet service,No internet service,No internet service,One year,No,Mailed check,19.7,94.45,No
7216-KAOID,Male,0,Yes,Yes,41,Yes,No,No,No internet service,No internet service,No internet service,No internet service,No internet service,No internet service,One year,No,Bank transfer (automatic),19.5,798.2,No
9873-MNDKV,Female,0,No,No,11,Yes,No,DSL,No,No,No,No,No,No,Month-to-month,Yes,Mailed check,44.65,472.25,No
3565-UNOCC,Female,1,Yes,No,29,Yes,Yes,Fiber optic,No,No,Yes,No,Yes,Yes,Month-to-month,Yes,Bank transfer (automatic),99.05,2952.85,Yes
7061-OVMIM,Female,0,Yes,Yes,30,Yes,No,No,No internet service,No internet service,No internet service,No internet service,No internet service,No internet service,One year,No,Bank transfer (automatic),19.55,608.5,No
0675-NCDYU,Female,0,Yes,Yes,72,Yes,Yes,Fiber optic,Yes,Yes,Yes,Yes,Yes,Yes,Two year,Yes,Credit card (automatic),116.4,8543.25,No
5740-YHGTW,Male,0,Yes,Yes,70,Yes,Yes,Fiber optic,Yes,Yes,No,No,Yes,No,Month-to-month,Yes,Credit card (automatic),97.55,6669.05,No
9881-VCZEP,Female,0,Yes,No,25,Yes,Yes,DSL,No,Yes,No,No,No,No,Month-to-month,No,Electronic check,54.1,1373,No
8901-HJXTF,Female,0,Yes,Yes,12,No,No phone service,DSL,No,Yes,No,No,No,No,Month-to-month,No,Mailed check,29.2,309.1,Yes
1563-IWQEX,Female,0,No,No,12,Yes,No,No,No internet service,No internet service,No internet service,No internet service,No internet service,No internet service,Month-to-month,No,Mailed check,19.7,220.35,No
2886-KEFUM,Female,0,Yes,No,63,Yes,Yes,Fiber optic,No,Yes,Yes,No,Yes,Yes,One year,Yes,Electronic check,107.5,6873.75,Yes
6845-RGTYS,Female,0,Yes,No,47,Yes,Yes,Fiber optic,Yes,Yes,Yes,No,Yes,No,Month-to-month,Yes,Electronic check,98.75,4533.7,Yes
0742-LAFQK,Male,0,Yes,No,72,Yes,Yes,Fiber optic,Yes,Yes,Yes,No,No,Yes,Two year,Yes,Electronic check,99.15,7422.1,No
5366-OBVMR,Female,0,Yes,No,18,Yes,No,DSL,No,No,No,Yes,No,No,Month-to-month,Yes,Mailed check,50.3,908.75,No
0310-SUCIN,Female,0,Yes,No,71,Yes,No,DSL,Yes,Yes,Yes,Yes,Yes,Yes,One year,Yes,Bank transfer (automatic),84.8,6046.1,No
9787-XVQIU,Male,0,No,No,1,Yes,Yes,Fiber optic,No,No,No,No,No,No,Month-to-month,Yes,Electronic check,75.3,75.3,Yes
6752-APNJL,Male,0,Yes,Yes,42,Yes,No,DSL,Yes,Yes,No,No,No,No,Month-to-month,No,Mailed check,54.5,2301.15,No
3427-GGZZI,Female,0,Yes,No,19,Yes,Yes,Fiber optic,No,Yes,No,No,No,Yes,Month-to-month,Yes,Electronic check,89.1,1620.8,No
2984-TBYKU,Male,0,Yes,Yes,72,Yes,Yes,Fiber optic,Yes,Yes,Yes,Yes,No,Yes,Two year,Yes,Credit card (automatic),104.9,7732.65,No
2368-GAKKQ,Female,0,No,No,70,Yes,Yes,Fiber optic,Yes,Yes,Yes,Yes,Yes,Yes,Two year,Yes,Bank transfer (automatic),113.65,7939.25,No
4295-YURET,Female,1,Yes,Yes,56,Yes,No,DSL,Yes,No,No,Yes,Yes,Yes,Two year,Yes,Credit card (automatic),72.6,4084.35,No
8671-KKKOS,Female,0,Yes,No,46,No,No phone service,DSL,Yes,Yes,No,No,Yes,No,Month-to-month,No,Electronic check,45.55,2062.15,No
7017-VFULY,Female,0,Yes,No,2,Yes,No,No,No internet service,No internet service,No internet service,No internet service,No internet service,No internet service,Month-to-month,No,Bank transfer (automatic),20.1,43.15,No
6519-ZHPXP,Female,0,Yes,Yes,72,Yes,No,Fiber optic,Yes,Yes,Yes,Yes,Yes,Yes,Two year,Yes,Bank transfer (automatic),108.3,7679.65,No
3865-ZYKAD,Male,1,Yes,No,69,Yes,Yes,Fiber optic,Yes,Yes,No,No,No,No,Month-to-month,Yes,Credit card (automatic),84.9,5785.65,No
2654-VBVPB,Female,0,No,No,1,Yes,No,No,No internet service,No internet service,No internet service,No internet service,No internet service,No internet service,Month-to-month,No,Bank transfer (automatic),19.9,19.9,No
6532-YLWSI,Female,0,Yes,No,53,Yes,No,No,No internet service,No internet service,No internet service,No internet service,No internet service,No internet service,One year,No,Bank transfer (automatic),20.8,1021.8,Yes
4716-MRVEN,Female,0,No,No,29,Yes,No,No,No internet service,No internet service,No internet service,No internet service,No internet service,No internet service,One year,No,Mailed check,20.0,599.3,No
4950-BDEUX,Male,0,No,No,35,No,No phone service,DSL,No,No,Yes,No,Yes,Yes,Month-to-month,No,Electronic check,49.2,1701.65,No
4123-DVHPH,Male,0,Yes,No,9,Yes,Yes,Fiber optic,Yes,No,No,No,No,Yes,Month-to-month,Yes,Electronic check,88.05,801.3,No
1169-WCVAK,Male,0,Yes,No,19,Yes,Yes,Fiber optic,Yes,Yes,No,Yes,No,No,Month-to-month,Yes,Credit card (automatic),88.8,1672.35,No
3642-GKTCT,Female,0,No,No,61,Yes,Yes,Fiber optic,Yes,Yes,Yes,Yes,Yes,Yes,One year,Yes,Mailed check,115.1,6993.65,No
5515-RUGKN,Male,0,No,No,8,Yes,No,DSL,No,No,No,No,No,Yes,Month-to-month,Yes,Credit card (automatic),54.75,438.05,No
6481-ESCNL,Female,0,No,No,29,Yes,Yes,Fiber optic,No,No,Yes,No,Yes,Yes,Month-to-month,No,Bank transfer (automatic),100.55,2878.75,No
2419-FSORS,Male,0,Yes,No,72,Yes,Yes,Fiber optic,No,Yes,Yes,Yes,Yes,Yes,Two year,Yes,Electronic check,108.4,7719.5,No
0107-YHINA,Male,0,No,Yes,1,Yes,Yes,Fiber optic,No,No,Yes,No,Yes,Yes,Month-to-month,Yes,Electronic check,99.75,99.75,Yes
8160-HOWOX,Female,0,No,No,7,Yes,No,DSL,No,No,No,No,Yes,Yes,Month-to-month,Yes,Electronic check,66.85,458.1,No
3890-RTCMS,Male,0,No,No,16,Yes,No,DSL,No,No,No,Yes,No,No,Month-to-month,Yes,Mailed check,49.45,799,No
3787-TRIAL,Male,0,Yes,Yes,21,No,No phone service,DSL,No,No,No,No,No,No,Month-to-month,Yes,Electronic check,26.05,565.75,No
2187-LZGPL,Female,0,No,No,7,No,No phone service,DSL,No,Yes,No,No,No,Yes,Month-to-month,Yes,Credit card (automatic),40.1,293.3,Yes
9134-CEQMF,Male,1,Yes,No,7,Yes,No,Fiber optic,No,No,No,No,Yes,Yes,Month-to-month,Yes,Electronic check,89.5,676.7,Yes
4377-VDHYI,Male,0,Yes,Yes,32,Yes,No,Fiber optic,Yes,Yes,No,No,No,Yes,One year,Yes,Electronic check,90.8,3023.85,No
9053-JZFKV,Male,0,No,No,67,Yes,Yes,Fiber optic,Yes,Yes,Yes,Yes,Yes,Yes,Two year,No,Credit card (automatic),116.2,7752.3,Yes
8849-PRIQJ,Female,0,Yes,Yes,67,Yes,Yes,Fiber optic,Yes,No,Yes,Yes,Yes,Yes,One year,Yes,Electronic check,109.4,7281.6,No
7901-IIDQV,Male,0,No,No,24,Yes,Yes,DSL,No,No,No,Yes,No,No,One year,No,Bank transfer (automatic),54.6,1242.25,No
8246-SHFGA,Male,0,No,No,17,Yes,No,No,No internet service,No internet service,No internet service,No internet service,No internet service,No internet service,Month-to-month,No,Credit card (automatic),21.1,385.55,No
2843-CQMEG,Male,0,No,No,24,Yes,No,DSL,No,Yes,No,No,No,No,Month-to-month,Yes,Mailed check,49.7,1218.25,No
6635-CPNUN,Male,0,Yes,No,28,Yes,Yes,Fiber optic,No,Yes,Yes,No,Yes,No,Month-to-month,No,Credit card (automatic),96.6,2684.35,No
4083-BFNYK,Female,1,Yes,No,38,Yes,Yes,Fiber optic,Yes,Yes,No,No,No,Yes,One year,No,Credit card (automatic),95.0,3591.25,No
2321-OMBXY,Female,0,Yes,Yes,38,Yes,No,DSL,Yes,Yes,No,Yes,Yes,Yes,One year,No,Credit card (automatic),80.3,3058.65,Yes
7493-TPUWZ,Male,0,No,No,1,Yes,Yes,Fiber optic,No,Yes,No,No,No,No,Month-to-month,Yes,Electronic check,79.15,79.15,Yes
8809-RIHDD,Male,0,Yes,Yes,72,Yes,Yes,Fiber optic,No,Yes,Yes,No,Yes,Yes,Two year,Yes,Electronic check,103.4,7372.65,Yes
0302-JOIVN,Female,0,Yes,No,8,Yes,No,Fiber optic,No,Yes,Yes,No,Yes,Yes,Month-to-month,No,Electronic check,101.15,842.9,Yes
4462-CYWMH,Male,1,Yes,No,62,Yes,Yes,Fiber optic,No,Yes,No,No,No,Yes,Month-to-month,Yes,Bank transfer (automatic),89.8,5629.55,No
7964-ZRKKG,Male,0,Yes,No,67,Yes,Yes,Fiber optic,No,Yes,No,No,Yes,No,One year,Yes,Bank transfer (automatic),88.4,5798.3,No
4054-CUMIA,Female,0,Yes,Yes,18,Yes,No,No,No internet service,No internet service,No internet service,No internet service,No internet service,No internet service,Month-to-month,Yes,Mailed check,20.25,401.95,No
5173-WXOQV,Male,0,Yes,No,2,Yes,No,DSL,No,Yes,No,Yes,No,Yes,Month-to-month,Yes,Mailed check,64.2,143.65,No
5199-FPUSP,Male,0,No,Yes,33,No,No phone service,DSL,Yes,No,No,Yes,No,No,One year,No,Credit card (automatic),34.05,1113.95,No
9964-WBQDJ,Female,0,Yes,No,71,Yes,Yes,No,No internet service,No internet service,No internet service,No internet service,No internet service,No internet service,Two year,Yes,Credit card (automatic),24.4,1725.4,No
3530-CRZSB,Female,0,No,No,7,Yes,No,No,No internet service,No internet service,No internet service,No internet service,No internet service,No internet service,Month-to-month,No,Mailed check,20.65,155.9,No
6047-YHPVI,Male,0,No,No,5,Yes,No,Fiber optic,No,No,No,No,No,No,Month-to-month,Yes,Electronic check,69.7,316.9,Yes
2074-GUHPQ,Female,0,No,Yes,17,Yes,Yes,Fiber optic,No,Yes,Yes,Yes,No,No,Month-to-month,Yes,Credit card (automatic),92.7,1556.85,No
5993-BQHEA,Male,0,No,No,12,Yes,No,No,No internet service,No internet service,No internet service,No internet service,No internet service,No internet service,One year,No,Credit card (automatic),20.05,267,No
2144-BFDSO,Female,1,Yes,No,50,Yes,Yes,Fiber optic,Yes,Yes,Yes,No,Yes,Yes,Month-to-month,No,Bank transfer (automatic),108.75,5431.9,No
5382-TEMLV,Male,0,No,No,45,Yes,No,DSL,Yes,No,No,No,No,No,Month-to-month,Yes,Bank transfer (automatic),50.9,2298.55,No
2208-UGTGR,Male,0,No,No,56,Yes,Yes,Fiber optic,No,Yes,No,No,Yes,Yes,Month-to-month,No,Electronic check,98.6,5581.05,No
0604-THJFP,Female,0,Yes,Yes,59,Yes,No,DSL,No,Yes,No,Yes,Yes,Yes,Two year,Yes,Credit card (automatic),75.95,4542.35,No
8603-IJWDN,Male,0,No,No,1,Yes,Yes,Fiber optic,No,No,No,No,No,Yes,Month-to-month,Yes,Electronic check,86.6,86.6,Yes
6457-USBER,Male,0,No,No,1,Yes,No,Fiber optic,No,No,No,No,No,Yes,Month-to-month,Yes,Electronic check,80.8,80.8,Yes
9350-VLHMB,Male,0,Yes,Yes,67,Yes,Yes,Fiber optic,No,Yes,No,No,No,Yes,Month-to-month,Yes,Bank transfer (automatic),89.55,6373.1,No
7338-ERIVA,Male,0,No,Yes,39,No,No phone service,DSL,Yes,No,No,Yes,Yes,No,One year,No,Bank transfer (automatic),45.05,1790.6,No
8670-MEFCP,Female,0,Yes,Yes,36,Yes,Yes,DSL,Yes,Yes,Yes,Yes,Yes,Yes,Two year,Yes,Credit card (automatic),92.9,3379.25,No
3913-FCUUW,Female,0,Yes,Yes,72,Yes,Yes,DSL,Yes,Yes,Yes,Yes,No,No,Two year,Yes,Bank transfer (automatic),70.45,5165.7,No
2632-UCGVD,Male,1,Yes,No,66,Yes,Yes,Fiber optic,No,No,No,Yes,Yes,Yes,Month-to-month,Yes,Credit card (automatic),100.05,6871.9,Yes
5624-RYAMH,Female,0,No,No,9,Yes,No,No,No internet service,No internet service,No internet service,No internet service,No internet service,No internet service,Month-to-month,Yes,Electronic check,19.5,178.85,No
3118-UHVVQ,Female,0,Yes,No,68,Yes,Yes,No,No internet service,No internet service,No internet service,No internet service,No internet service,No internet service,Two year,No,Credit card (automatic),25.8,1911.5,No
6258-NGCNG,Male,0,No,No,7,Yes,Yes,No,No internet service,No internet service,No internet service,No internet service,No internet service,No internet service,Month-to-month,No,Mailed check,23.5,173,No
3717-OFRTN,Male,0,No,No,1,Yes,No,No,No internet service,No internet service,No internet service,No internet service,No internet service,No internet service,Month-to-month,No,Bank transfer (automatic),19.75,19.75,No
9462-MJUAW,Male,0,No,No,4,Yes,Yes,DSL,No,No,No,No,No,No,Month-to-month,No,Mailed check,50.4,206.6,Yes
8149-AIQCG,Male,0,No,No,39,Yes,Yes,Fiber optic,No,No,No,No,No,No,Month-to-month,Yes,Credit card (automatic),73.15,2730.85,No
2351-RRBUE,Female,0,Yes,Yes,7,Yes,No,No,No internet service,No internet service,No internet service,No internet service,No internet service,No internet service,One year,No,Mailed check,20.65,134.05,No
3108-PCCGG,Male,1,Yes,No,72,Yes,Yes,DSL,Yes,Yes,Yes,No,Yes,Yes,Two year,No,Credit card (automatic),84.45,5899.85,No
4433-JCGCG,Male,1,Yes,No,46,Yes,Yes,Fiber optic,No,No,Yes,No,Yes,Yes,Month-to-month,Yes,Electronic check,101.0,4680.05,Yes
1131-SUEKT,Male,0,Yes,Yes,61,Yes,No,Fiber optic,No,Yes,No,Yes,Yes,Yes,One year,Yes,Bank transfer (automatic),98.45,6145.2,No
1964-SVLEA,Male,0,No,No,20,Yes,No,No,No internet service,No internet service,No internet service,No internet service,No internet service,No internet service,One year,Yes,Mailed check,19.7,415.9,No
7486-KSRVI,Male,0,No,No,43,Yes,Yes,Fiber optic,No,No,No,Yes,Yes,Yes,One year,Yes,Electronic check,100.0,4211.55,Yes
2236-HILPA,Male,0,Yes,Yes,62,Yes,No,No,No internet service,No internet service,No internet service,No internet service,No internet service,No internet service,Two year,No,Credit card (automatic),20.65,1218.45,No
2253-KPMNB,Female,0,Yes,Yes,69,No,No phone service,DSL,Yes,Yes,Yes,Yes,No,No,Two year,No,Bank transfer (automatic),46.25,3121.4,No
3090-LETTY,Male,0,No,Yes,2,Yes,Yes,DSL,Yes,Yes,No,No,No,No,Month-to-month,No,Bank transfer (automatic),60.95,134.6,No
6259-WJQLC,Male,1,No,No,32,Yes,Yes,Fiber optic,No,No,Yes,No,No,No,Month-to-month,Yes,Credit card (automatic),81.1,2619.25,No
5923-GXUOC,Male,0,No,No,10,Yes,No,Fiber optic,Yes,Yes,Yes,No,Yes,Yes,Month-to-month,Yes,Electronic check,104.4,1081.45,Yes
9938-TKDGL,Male,0,Yes,Yes,68,Yes,No,Fiber optic,Yes,No,No,Yes,Yes,Yes,Two year,Yes,Electronic check,99.55,6668,No
2157-MXBJS,Male,0,Yes,No,13,Yes,Yes,DSL,No,No,Yes,No,Yes,Yes,One year,Yes,Mailed check,75.3,989.45,Yes
3668-QPYBK,Male,0,No,No,2,Yes,No,DSL,Yes,Yes,No,No,No,No,Month-to-month,Yes,Mailed check,53.85,108.15,Yes
3521-HTQTV,Male,0,No,No,34,Yes,Yes,No,No internet service,No internet service,No internet service,No internet service,No internet service,No internet service,Two year,No,Bank transfer (automatic),26.1,980.35,No
7408-OFWXJ,Female,0,Yes,Yes,72,Yes,Yes,DSL,Yes,Yes,Yes,Yes,Yes,Yes,Two year,No,Credit card (automatic),89.8,6510.45,No
5074-FBGHB,Male,0,No,No,64,Yes,Yes,Fiber optic,No,No,Yes,Yes,Yes,Yes,One year,Yes,Credit card (automatic),104.65,6889.8,No
7717-BICXI,Male,0,Yes,Yes,60,Yes,No,No,No internet service,No internet service,No internet service,No internet service,No internet service,No internet service,Two year,No,Mailed check,20.55,1205.05,No
5356-CSVSQ,Female,0,No,No,3,Yes,Yes,DSL,No,No,No,Yes,Yes,No,Month-to-month,No,Electronic check,64.6,174.2,No
7321-VGNKU,Female,0,Yes,No,2,Yes,No,Fiber optic,No,No,No,No,No,No,Month-to-month,Yes,Electronic check,70.35,120.25,No
7188-CBBBA,Female,0,No,No,65,Yes,Yes,Fiber optic,No,Yes,Yes,No,Yes,No,One year,Yes,Electronic check,95.5,6153.85,No
5549-ZGHFB,Male,0,Yes,Yes,50,Yes,Yes,No,No internet service,No internet service,No internet service,No internet service,No internet service,No internet service,Two year,No,Mailed check,24.95,1261.45,No
5297-MDOIR,Female,0,Yes,No,63,Yes,No,Fiber optic,Yes,No,Yes,No,No,No,One year,Yes,Credit card (automatic),81.15,5224.5,No
0924-BJCRC,Female,1,Yes,No,60,Yes,Yes,Fiber optic,No,Yes,No,No,No,Yes,Month-to-month,No,Electronic check,89.45,5294.6,No
4950-HKQTE,Female,0,No,No,22,Yes,Yes,No,No internet service,No internet service,No internet service,No internet service,No internet service,No internet service,Two year,No,Mailed check,26.25,605.9,No
7495-OOKFY,Female,1,Yes,No,8,Yes,Yes,Fiber optic,No,Yes,No,No,No,No,Month-to-month,Yes,Credit card (automatic),80.65,633.3,Yes
2474-LCNUE,Female,0,Yes,No,23,Yes,Yes,DSL,No,No,No,Yes,Yes,Yes,Month-to-month,Yes,Credit card (automatic),73.65,1642.75,No
0004-TLHLJ,Male,0,No,No,4,Yes,No,Fiber optic,No,No,Yes,No,No,No,Month-to-month,Yes,Electronic check,73.9,280.85,Yes
9137-NOQKA,Male,1,No,No,2,Yes,No,No,No internet service,No internet service,No internet service,No internet service,No internet service,No internet service,Month-to-month,No,Electronic check,19.2,37.2,No
0519-DRGTI,Female,0,Yes,Yes,20,Yes,No,No,No internet service,No internet service,No internet service,No internet service,No internet service,No internet service,Month-to-month,No,Mailed check,20.35,442.6,No
5709-LVOEQ,Female,0,Yes,Yes,0,Yes,No,DSL,Yes,Yes,Yes,No,Yes,Yes,Two year,No,Mailed check,80.85, ,No
7854-EKTJL,Female,0,No,Yes,2,Yes,No,No,No internet service,No internet service,No internet service,No internet service,No internet service,No internet service,Month-to-month,Yes,Electronic check,19.6,35.85,Yes
4335-BSMJS,Female,0,No,No,62,Yes,Yes,No,No internet service,No internet service,No internet service,No internet service,No internet service,No internet service,Two year,Yes,Credit card (automatic),25.8,1563.95,No
5599-HVLTW,Female,1,No,No,14,Yes,Yes,Fiber optic,No,No,Yes,No,No,No,Month-to-month,Yes,Bank transfer (automatic),80.35,1058.1,No
4299-OPXEJ,Female,0,No,No,56,Yes,No,No,No internet service,No internet service,No internet service,No internet service,No internet service,No internet service,Two year,Yes,Bank transfer (automatic),19.55,1080.55,No
8621-MNIHH,Female,1,Yes,No,34,Yes,Yes,Fiber optic,No,Yes,Yes,No,No,Yes,Month-to-month,Yes,Electronic check,94.25,3217.55,Yes
7820-ZYGNY,Male,0,No,No,63,Yes,Yes,Fiber optic,No,Yes,No,No,No,Yes,One year,No,Credit card (automatic),90.45,5825.5,No
5170-PTRKA,Female,0,Yes,Yes,49,No,No phone service,DSL,Yes,No,No,Yes,No,No,One year,Yes,Credit card (automatic),35.8,1782,No
0899-LIIBW,Male,0,Yes,No,34,Yes,Yes,Fiber optic,No,No,Yes,No,Yes,Yes,Month-to-month,No,Electronic check,100.85,3527.3,No
3961-SXAXY,Male,0,No,No,1,Yes,No,DSL,No,No,No,No,No,No,Month-to-month,Yes,Bank transfer (automatic),44.05,44.05,No
5727-MYATE,Male,0,Yes,Yes,72,Yes,Yes,DSL,Yes,Yes,Yes,Yes,Yes,Yes,Two year,Yes,Credit card (automatic),90.8,6397.6,No
9763-GRSKD,Male,0,Yes,Yes,13,Yes,No,DSL,Yes,No,No,No,No,No,Month-to-month,Yes,Mailed check,49.95,587.45,No
1625-JAIIY,Female,0,Yes,Yes,68,Yes,Yes,Fiber optic,No,No,No,No,Yes,No,One year,Yes,Electronic check,83.0,5685.8,Yes
4763-PGDPO,Female,0,No,No,4,Yes,No,Fiber optic,No,No,No,No,No,No,Month-to-month,No,Electronic check,70.4,281,Yes
7382-DFJTU,Male,0,No,No,18,Yes,No,DSL,No,No,Yes,Yes,No,No,Month-to-month,No,Credit card (automatic),55.2,1058.1,No
5883-GTGVD,Male,0,No,No,19,Yes,Yes,Fiber optic,No,Yes,No,No,Yes,Yes,Month-to-month,Yes,Electronic check,99.95,1931.75,Yes
7957-RYHQD,Female,1,No,No,40,Yes,No,Fiber optic,Yes,Yes,No,No,No,No,Month-to-month,Yes,Credit card (automatic),79.2,3233.85,Yes
3423-HHXAO,Female,0,Yes,Yes,14,Yes,No,No,No internet service,No internet service,No internet service,No internet service,No internet service,No internet service,One year,Yes,Mailed check,19.5,272,No
0842-IWYCP,Female,0,No,No,46,Yes,No,DSL,No,No,No,No,No,No,Month-to-month,No,Bank transfer (automatic),44.95,2168.9,No
2202-CUYXZ,Male,0,No,No,1,Yes,No,Fiber optic,No,No,Yes,No,Yes,No,Month-to-month,Yes,Electronic check,84.85,84.85,Yes
5568-DMXZS,Female,0,No,No,8,Yes,No,DSL,No,Yes,No,Yes,Yes,No,Month-to-month,Yes,Electronic check,65.45,554.45,No
4500-HKANN,Male,0,Yes,Yes,23,Yes,Yes,DSL,No,Yes,No,Yes,No,No,Two year,No,Mailed check,59.7,1414.2,No
4849-PYRLQ,Female,1,No,No,56,Yes,Yes,DSL,Yes,No,Yes,Yes,No,Yes,Two year,No,Bank transfer (automatic),73.25,4054.2,No
0225-ZORZP,Male,0,No,No,3,Yes,No,Fiber optic,No,Yes,No,No,No,Yes,Month-to-month,No,Electronic check,84.3,235.05,No
9018-PCIOK,Female,0,No,No,55,Yes,No,DSL,No,Yes,Yes,No,No,Yes,Two year,Yes,Mailed check,64.75,3617.1,No
1456-TWCGB,Male,0,No,No,4,Yes,No,DSL,No,Yes,No,No,No,No,Month-to-month,No,Mailed check,49.25,208.45,No
7781-HVGMK,Female,0,Yes,Yes,72,No,No phone service,DSL,Yes,Yes,Yes,Yes,Yes,Yes,Two year,Yes,Credit card (automatic),65.2,4784.45,No
3525-DVKFN,Female,0,No,No,17,Yes,No,No,No internet service,No internet service,No internet service,No internet service,No internet service,No internet service,Two year,No,Mailed check,19.4,358.05,No
5716-EZXZN,Female,0,Yes,Yes,65,Yes,Yes,Fiber optic,Yes,Yes,No,Yes,Yes,No,Two year,Yes,Credit card (automatic),99.05,6416.7,No
8305-VHZBZ,Male,0,No,No,1,Yes,No,No,No internet service,No internet service,No internet service,No internet service,No internet service,No internet service,Month-to-month,Yes,Mailed check,20.2,20.2,Yes
5343-SGUBI,Female,0,No,No,52,Yes,Yes,Fiber optic,No,Yes,No,No,No,No,One year,Yes,Mailed check,80.2,4297.6,No
6479-OAUSD,Male,0,No,No,25,Yes,No,No,No internet service,No internet service,No internet service,No internet service,No internet service,No internet service,One year,No,Credit card (automatic),19.9,510.8,No
5443-SCMKX,Female,0,Yes,No,58,Yes,Yes,Fiber optic,No,Yes,Yes,No,No,Yes,One year,Yes,Electronic check,94.3,5610.15,No
4872-JCVCA,Female,0,Yes,No,71,No,No phone service,DSL,Yes,Yes,Yes,Yes,No,No,Two year,Yes,Bank transfer (automatic),47.6,3377.8,No
8617-ENBDS,Male,0,No,No,3,Yes,No,Fiber optic,No,No,Yes,No,No,No,Month-to-month,Yes,Credit card (automatic),73.6,232.5,No
0820-FNRNX,Male,0,Yes,Yes,17,Yes,Yes,DSL,No,Yes,Yes,Yes,No,No,Month-to-month,Yes,Mailed check,66.7,1077.05,No
7465-ZZRVX,Male,0,No,No,1,Yes,No,Fiber optic,No,No,No,No,No,No,Month-to-month,Yes,Electronic check,70.35,70.35,No
5453-AXEPF,Male,0,Yes,No,17,Yes,Yes,Fiber optic,No,Yes,No,No,No,No,Month-to-month,Yes,Bank transfer (automatic),80.5,1336.9,No
9705-ZJBCG,Female,0,Yes,Yes,13,Yes,No,DSL,Yes,No,No,Yes,No,No,One year,No,Bank transfer (automatic),54.15,701.05,No
2506-TNFCO,Female,1,Yes,No,1,Yes,No,Fiber optic,No,No,No,No,No,No,Month-to-month,Yes,Electronic check,69.55,69.55,Yes
8680-CGLTP,Male,0,No,No,29,Yes,No,DSL,Yes,Yes,No,Yes,No,No,One year,Yes,Electronic check,58.75,1696.2,No
5236-PERKL,Female,0,No,No,57,Yes,Yes,Fiber optic,Yes,Yes,Yes,No,Yes,Yes,Two year,Yes,Bank transfer (automatic),112.95,6465,Yes
6625-UTXEW,Female,0,Yes,No,12,Yes,No,DSL,No,Yes,No,No,No,No,Month-to-month,Yes,Electronic check,51.25,612.1,No
7156-MHUGY,Male,1,No,No,13,Yes,No,Fiber optic,No,No,No,No,Yes,Yes,Month-to-month,Yes,Electronic check,90.5,1201.15,Yes
3785-KTYSH,Male,0,No,No,53,Yes,Yes,No,No internet service,No internet service,No internet service,No internet service,No internet service,No internet service,Two year,No,Mailed check,24.6,1279,No
7633-MVPUY,Male,0,Yes,No,57,Yes,No,DSL,Yes,Yes,No,Yes,No,No,Two year,Yes,Electronic check,59.75,3450.15,No
7067-KSAZT,Female,1,Yes,No,65,Yes,Yes,Fiber optic,No,Yes,Yes,No,Yes,Yes,One year,Yes,Electronic check,106.25,6979.8,Yes
5482-NUPNA,Female,0,No,No,4,Yes,No,DSL,Yes,Yes,No,Yes,No,No,Month-to-month,Yes,Mailed check,60.4,272.15,Yes
4522-AKYLR,Female,1,No,No,13,Yes,No,DSL,No,Yes,Yes,No,No,No,Month-to-month,Yes,Electronic check,54.8,731.3,No
2005-DWQZJ,Female,0,Yes,Yes,8,Yes,No,No,No internet service,No internet service,No internet service,No internet service,No internet service,No internet service,Two year,No,Mailed check,19.05,201.7,No
6377-WHAOX,Female,0,Yes,No,60,Yes,Yes,Fiber optic,No,Yes,Yes,No,Yes,Yes,Month-to-month,Yes,Electronic check,106.15,6411.25,No
3753-TSEMP,Female,0,Yes,No,15,Yes,No,Fiber optic,No,No,No,No,Yes,Yes,Month-to-month,No,Electronic check,88.15,1390.6,Yes
0488-GSLFR,Female,0,No,No,1,Yes,No,Fiber optic,No,No,No,No,No,No,Month-to-month,Yes,Electronic check,69.5,69.5,Yes
4397-FRLTA,Female,0,No,No,4,Yes,No,No,No internet service,No internet service,No internet service,No internet service,No internet service,No internet service,Month-to-month,No,Mailed check,20.15,84.5,No
3551-GAEGL,Male,0,Yes,Yes,34,No,No phone service,DSL,Yes,No,No,No,No,No,One year,No,Bank transfer (automatic),30.4,938.65,No
2903-YYTBW,Male,0,Yes,Yes,1,Yes,No,DSL,No,No,No,No,No,No,Month-to-month,No,Electronic check,44.55,44.55,No
5981-ZVXOT,Female,1,No,No,35,Yes,Yes,Fiber optic,Yes,Yes,Yes,No,Yes,Yes,One year,Yes,Electronic check,108.35,3726.15,No
8903-XEBGX,Male,0,No,Yes,2,Yes,No,DSL,No,No,No,No,No,Yes,Month-to-month,Yes,Electronic check,55.3,108.65,No
6016-LVTJQ,Female,0,Yes,Yes,34,Yes,No,No,No internet service,No internet service,No internet service,No internet service,No internet service,No internet service,Month-to-month,No,Mailed check,20.65,716.4,No
3721-CNZHX,Male,0,No,No,15,Yes,No,No,No internet service,No internet service,No internet service,No internet service,No internet service,No internet service,One year,No,Mailed check,19.8,304.6,No
9351-LZYGF,Female,0,Yes,No,42,Yes,Yes,DSL,Yes,Yes,No,Yes,No,No,Month-to-month,Yes,Credit card (automatic),66.4,2727.8,No
7706-YLMQA,Female,0,No,No,70,Yes,No,No,No internet service,No internet service,No internet service,No internet service,No internet service,No internet service,One year,No,Bank transfer (automatic),19.7,1341.5,No
7129-AZJDE,Male,0,Yes,Yes,34,Yes,No,Fiber optic,No,No,No,No,No,Yes,One year,Yes,Bank transfer (automatic),78.95,2647.2,No
3148-BLQJT,Male,0,No,No,1,Yes,No,No,No internet service,No internet service,No internet service,No internet service,No internet service,No internet service,Month-to-month,No,Mailed check,20.1,20.1,Yes
1307-TVUFB,Male,1,No,No,42,Yes,Yes,Fiber optic,No,Yes,No,No,No,No,Month-to-month,Yes,Bank transfer (automatic),79.35,3344.1,No
1098-TDVUQ,Female,0,No,No,1,Yes,No,No,No internet service,No internet service,No internet service,No internet service,No internet service,No internet service,Month-to-month,Yes,Bank transfer (automatic),19.25,19.25,No
2550-AEVRU,Female,0,Yes,Yes,57,Yes,No,DSL,Yes,Yes,No,No,No,No,One year,No,Electronic check,53.45,3053,No
8257-RZAHR,Female,0,Yes,No,14,Yes,Yes,DSL,Yes,No,No,No,Yes,No,Month-to-month,Yes,Bank transfer (automatic),64.7,941,Yes
0463-ZSDNT,Male,0,No,No,10,Yes,No,DSL,No,No,No,No,No,Yes,Month-to-month,Yes,Bank transfer (automatic),56.75,503.25,No
7184-LRUUR,Female,0,No,No,22,Yes,No,DSL,No,Yes,Yes,No,Yes,No,One year,No,Bank transfer (automatic),65.25,1441.8,No
5577-OTWWW,Female,0,No,No,15,Yes,No,No,No internet service,No internet service,No internet service,No internet service,No internet service,No internet service,Month-to-month,No,Bank transfer (automatic),19.75,297.3,Yes
7471-WNSUF,Male,0,Yes,No,60,Yes,Yes,No,No internet service,No internet service,No internet service,No internet service,No internet service,No internet service,One year,No,Bank transfer (automatic),24.15,1505.9,No
6210-KBBPI,Male,1,No,No,9,Yes,Yes,Fiber optic,No,Yes,No,No,Yes,Yes,Month-to-month,Yes,Credit card (automatic),99.45,919.4,Yes
8788-DOXSU,Male,0,No,No,59,Yes,No,DSL,No,No,Yes,No,No,Yes,One year,Yes,Bank transfer (automatic),61.35,3645.5,No
5380-WJKOV,Male,0,No,No,34,Yes,Yes,Fiber optic,No,Yes,Yes,No,Yes,Yes,Month-to-month,Yes,Electronic check,106.35,3549.25,Yes
3178-FESZO,Female,0,No,No,1,Yes,Yes,Fiber optic,No,Yes,No,No,Yes,Yes,Month-to-month,Yes,Credit card (automatic),100.25,100.25,Yes
6821-JPCDC,Female,0,Yes,No,48,Yes,No,Fiber optic,No,Yes,Yes,No,Yes,Yes,One year,Yes,Electronic check,97.05,4692.95,No
4674-HGNUA,Male,0,Yes,Yes,71,Yes,Yes,DSL,Yes,Yes,Yes,Yes,Yes,Yes,Two year,No,Credit card (automatic),89.9,6457.15,No
0774-RMNUW,Female,0,Yes,Yes,71,No,No phone service,DSL,Yes,Yes,No,Yes,Yes,Yes,Two year,No,Bank transfer (automatic),59.7,4122.65,No
8775-CEBBJ,Female,0,No,No,9,Yes,No,DSL,No,No,No,No,No,No,Month-to-month,Yes,Bank transfer (automatic),44.2,403.35,Yes
5018-HEKFO,Female,0,No,No,10,Yes,Yes,No,No internet service,No internet service,No internet service,No internet service,No internet service,No internet service,Month-to-month,Yes,Mailed check,24.5,270.15,No
8454-AATJP,Female,0,No,No,72,Yes,Yes,Fiber optic,Yes,Yes,Yes,Yes,Yes,Yes,Two year,No,Credit card (automatic),115.05,8405,No
3082-VQXNH,Male,0,Yes,No,3,No,No phone service,DSL,No,Yes,No,No,No,No,Month-to-month,No,Credit card (automatic),29.8,94.4,No
3164-YAXFY,Male,0,No,No,57,No,No phone service,DSL,Yes,No,Yes,No,Yes,Yes,Month-to-month,Yes,Electronic check,53.75,3196,No
9853-JFZDU,Female,0,Yes,No,35,Yes,No,DSL,No,Yes,No,Yes,No,No,Month-to-month,No,Electronic check,56.85,1861.1,No
7138-GIRSH,Male,0,No,No,50,Yes,Yes,DSL,No,No,Yes,Yes,No,Yes,Two year,No,Bank transfer (automatic),69.5,3418.2,No
2215-ZAFGX,Male,0,No,No,9,Yes,Yes,Fiber optic,No,No,No,No,Yes,No,Month-to-month,Yes,Electronic check,85.5,791.7,No
8205-MQUGY,Male,0,Yes,Yes,12,Yes,No,DSL,Yes,No,No,No,No,No,Month-to-month,Yes,Electronic check,49.2,571.15,No
0575-CUQOV,Male,1,Yes,No,60,Yes,No,Fiber optic,No,Yes,Yes,No,Yes,Yes,One year,Yes,Electronic check,97.95,5867,No
1322-AGOQM,Male,0,No,No,46,No,No phone service,DSL,No,Yes,No,No,No,No,Month-to-month,No,Bank transfer (automatic),30.3,1380.1,Yes
4198-VFOEA,Female,0,No,No,12,No,No phone service,DSL,Yes,No,No,Yes,No,No,One year,Yes,Mailed check,33.6,435.45,No
2450-ZKEED,Female,0,No,No,11,Yes,No,DSL,No,No,Yes,Yes,No,No,One year,No,Bank transfer (automatic),53.8,651.55,No
7074-STDCN,Male,0,No,No,39,No,No phone service,DSL,No,No,No,Yes,No,Yes,Month-to-month,Yes,Electronic check,40.6,1494.5,No
1842-EZJMK,Male,0,Yes,Yes,50,Yes,Yes,Fiber optic,No,Yes,No,Yes,Yes,Yes,Month-to-month,No,Electronic check,103.7,5071.05,Yes
0168-XZKBB,Female,0,Yes,No,19,Yes,Yes,Fiber optic,No,No,No,No,Yes,No,Month-to-month,Yes,Electronic check,86.85,1564.4,No
2664-XJZNO,Male,0,Yes,Yes,72,Yes,No,Fiber optic,Yes,No,Yes,Yes,Yes,Yes,Two year,Yes,Credit card (automatic),104.9,7559.55,No
3643-AHCFP,Male,1,Yes,No,7,Yes,Yes,Fiber optic,No,No,No,No,Yes,Yes,Month-to-month,Yes,Bank transfer (automatic),95.6,644.35,Yes
9207-ZPANB,Male,0,No,No,37,Yes,Yes,DSL,Yes,Yes,Yes,Yes,No,No,One year,No,Electronic check,67.45,2443.3,No
5322-ZSMZY,Male,0,Yes,Yes,31,Yes,Yes,No,No internet service,No internet service,No internet service,No internet service,No internet service,No internet service,Two year,No,Mailed check,25.75,755.6,No
3066-RRJIO,Female,0,No,No,1,Yes,No,Fiber optic,No,No,No,No,No,No,Month-to-month,Yes,Mailed check,69.95,69.95,Yes
2469-DTSGX,Female,1,No,No,72,Yes,Yes,Fiber optic,No,Yes,Yes,Yes,Yes,Yes,Two year,No,Electronic check,111.65,7943.45,No
5061-PBXFW,Female,0,Yes,Yes,32,Yes,No,DSL,Yes,Yes,No,Yes,No,No,Month-to-month,No,Bank transfer (automatic),61.4,1864.65,No
7128-GGCNO,Male,0,No,No,46,Yes,Yes,Fiber optic,No,No,No,No,No,No,Month-to-month,No,Bank transfer (automatic),72.8,3249.4,No
3597-MVHJT,Female,0,No,No,27,Yes,Yes,Fiber optic,No,No,No,No,Yes,Yes,Month-to-month,Yes,Bank transfer (automatic),95.6,2595.25,No
4302-ZYFEL,Male,0,Yes,Yes,69,Yes,No,No,No internet service,No internet service,No internet service,No internet service,No internet service,No internet service,One year,Yes,Credit card (automatic),20.55,1403.1,No
1273-MTETI,Female,1,No,No,4,Yes,Yes,Fiber optic,No,No,Yes,No,No,Yes,Month-to-month,Yes,Electronic check,88.85,372.45,Yes
6986-IXNDM,Male,0,No,No,14,Yes,No,Fiber optic,No,No,No,No,Yes,Yes,Month-to-month,Yes,Electronic check,92.9,1337.45,No
2277-AXSDC,Female,0,No,No,32,Yes,No,No,No internet service,No internet service,No internet service,No internet service,No internet service,No internet service,One year,No,Bank transfer (automatic),19.75,624.15,No
6729-FZWSY,Male,0,No,No,67,Yes,No,No,No internet service,No internet service,No internet service,No internet service,No internet service,No internet service,One year,Yes,Mailed check,19.45,1195.95,No
1156-ZFYDO,Female,0,No,No,1,Yes,No,No,No internet service,No internet service,No internet service,No internet service,No internet service,No internet service,Month-to-month,No,Electronic check,19.75,19.75,No
9386-LDCZR,Male,0,No,No,43,Yes,No,Fiber optic,Yes,Yes,Yes,Yes,No,No,One year,Yes,Credit card (automatic),90.65,3882.3,No
3623-FQBOX,Male,0,No,No,21,Yes,No,No,No internet service,No internet service,No internet service,No internet service,No internet service,No internet service,Month-to-month,Yes,Mailed check,19.95,416.4,No
5948-UJZLF,Male,0,No,No,2,Yes,No,DSL,No,Yes,No,No,No,No,Month-to-month,No,Mailed check,49.25,97,No
9928-BZVLZ,Female,0,No,No,12,No,No phone service,DSL,Yes,No,Yes,Yes,No,Yes,Two year,No,Mailed check,49.85,552.1,No
7746-AWNQW,Female,0,No,No,28,No,No phone service,DSL,No,No,Yes,Yes,No,No,Month-to-month,Yes,Mailed check,35.75,961.4,No
2107-FBPTK,Female,1,No,No,30,Yes,Yes,Fiber optic,No,Yes,Yes,No,Yes,Yes,Month-to-month,Yes,Electronic check,104.1,3121.1,No
1965-DDBWU,Male,0,No,No,16,Yes,Yes,Fiber optic,No,No,No,Yes,No,Yes,Month-to-month,Yes,Credit card (automatic),89.05,1448.6,Yes
6302-JGYRJ,Male,0,No,Yes,31,Yes,Yes,DSL,No,Yes,No,Yes,Yes,Yes,One year,Yes,Mailed check,79.45,2587.7,Yes
6502-KUGLL,Female,0,Yes,Yes,14,Yes,No,DSL,Yes,Yes,No,Yes,No,No,Month-to-month,No,Bank transfer (automatic),59.45,780.85,No
9866-OCCKE,Female,1,Yes,No,72,Yes,Yes,Fiber optic,Yes,No,Yes,Yes,Yes,Yes,Two year,Yes,Mailed check,109.75,8075.35,No
9173-IVZVP,Female,0,Yes,Yes,53,Yes,No,No,No internet service,No internet service,No internet service,No internet service,No internet service,No internet service,Two year,No,Mailed check,20.9,1146.05,No
3893-JRNFS,Male,0,No,No,68,No,No phone service,DSL,No,No,Yes,No,No,Yes,Month-to-month,Yes,Bank transfer (automatic),39.9,2796.35,No
4137-JOPHL,Female,0,No,No,50,Yes,No,Fiber optic,No,No,Yes,Yes,No,Yes,Two year,Yes,Bank transfer (automatic),89.7,4304.5,No
4323-OHFOW,Female,1,Yes,No,70,Yes,Yes,Fiber optic,No,Yes,No,Yes,Yes,Yes,One year,Yes,Bank transfer (automatic),105.55,7195.35,No
1972-XMUWV,Female,0,Yes,No,65,Yes,No,DSL,No,No,No,Yes,Yes,No,Two year,Yes,Credit card (automatic),59.8,3808.2,No
1915-IOFGU,Female,0,No,No,1,Yes,No,Fiber optic,No,No,No,No,No,No,Month-to-month,No,Electronic check,70.5,70.5,Yes
7982-VCELR,Female,0,No,No,36,Yes,No,Fiber optic,No,Yes,No,No,Yes,Yes,Month-to-month,Yes,Credit card (automatic),94.8,3565.65,No
0699-NDKJM,Female,0,Yes,No,57,No,No phone service,DSL,Yes,Yes,Yes,No,Yes,Yes,Month-to-month,Yes,Bank transfer (automatic),58.75,3437.45,No
4633-MKHYU,Female,0,No,No,9,Yes,No,Fiber optic,No,No,No,No,Yes,Yes,Month-to-month,Yes,Mailed check,88.4,788.6,No
9269-CQOOL,Male,0,No,Yes,3,Yes,No,DSL,No,No,No,No,Yes,No,Month-to-month,Yes,Credit card (automatic),54.7,169.45,Yes
2995-YWTCD,Female,0,Yes,Yes,19,Yes,Yes,No,No internet service,No internet service,No internet service,No internet service,No internet service,No internet service,Two year,Yes,Bank transfer (automatic),24.9,467.7,No
5989-AXPUC,Female,0,Yes,No,68,Yes,Yes,Fiber optic,Yes,Yes,Yes,Yes,Yes,Yes,Two year,No,Mailed check,118.6,7990.05,No
1771-OADNZ,Male,1,Yes,No,29,Yes,Yes,Fiber optic,No,Yes,Yes,No,No,Yes,Month-to-month,Yes,Electronic check,95.9,2745.2,Yes
2739-CACDQ,Female,1,No,No,17,Yes,Yes,Fiber optic,No,No,Yes,No,No,No,Month-to-month,Yes,Credit card (automatic),82.65,1470.05,No
8029-XYPWT,Male,1,Yes,No,71,Yes,Yes,Fiber optic,Yes,Yes,Yes,Yes,Yes,Yes,Two year,Yes,Bank transfer (automatic),115.05,8016.6,No
3801-HMYNL,Male,0,Yes,Yes,1,Yes,No,Fiber optic,No,No,No,No,Yes,Yes,Month-to-month,No,Mailed check,89.15,89.15,Yes
6898-RBTLU,Female,0,Yes,Yes,49,Yes,Yes,DSL,No,Yes,No,Yes,Yes,Yes,Two year,No,Bank transfer (automatic),79.3,3902.45,No
4822-NGOCH,Female,0,No,No,13,Yes,Yes,Fiber optic,No,Yes,Yes,No,No,No,Month-to-month,Yes,Electronic check,84.45,1058.6,Yes
1116-DXXDF,Male,0,No,No,39,Yes,No,Fiber optic,Yes,No,Yes,No,Yes,Yes,Two year,Yes,Electronic check,100.45,3801.7,No
1306-RPWXZ,Female,0,No,Yes,49,Yes,No,No,No internet service,No internet service,No internet service,No internet service,No internet service,No internet service,Two year,No,Credit card (automatic),20.45,1024.65,No
5934-RMPOV,Female,0,No,Yes,22,Yes,Yes,Fiber optic,No,No,No,No,No,Yes,Month-to-month,Yes,Electronic check,84.75,1816.75,No
6897-RWMUB,Male,0,Yes,Yes,61,Yes,No,DSL,Yes,Yes,Yes,Yes,No,No,Two year,Yes,Bank transfer (automatic),68.05,4158.25,No
7893-IXHRQ,Male,0,No,No,1,Yes,No,No,No internet service,No internet service,No internet service,No internet service,No internet service,No internet service,Month-to-month,No,Electronic check,20.55,20.55,Yes
1875-QIVME,Female,0,Yes,No,2,Yes,Yes,Fiber optic,No,No,Yes,Yes,Yes,Yes,Month-to-month,Yes,Electronic check,104.4,242.8,Yes
4291-YZODP,Female,0,No,Yes,7,Yes,No,No,No internet service,No internet service,No internet service,No internet service,No internet service,No internet service,One year,No,Mailed check,20.05,96.8,No
1635-NZATJ,Male,1,Yes,No,71,Yes,Yes,No,No internet service,No internet service,No internet service,No internet service,No internet service,No internet service,Two year,No,Credit card (automatic),25.45,1789.65,No
9847-HNVGP,Male,0,No,No,17,Yes,No,No,No internet service,No internet service,No internet service,No internet service,No internet service,No internet service,One year,No,Mailed check,19.95,310.6,No
3519-ZKXGG,Female,0,Yes,No,3,Yes,Yes,Fiber optic,No,No,No,No,No,No,Month-to-month,Yes,Electronic check,75.85,256.6,Yes
8092-NLTGF,Male,0,No,No,72,Yes,Yes,No,No internet service,No internet service,No internet service,No internet service,No internet service,No internet service,Two year,No,Bank transfer (automatic),24.75,1777.6,No
1371-WEPDS,Male,1,Yes,No,40,Yes,No,DSL,No,No,No,No,No,Yes,One year,No,Electronic check,55.8,2283.3,No
8317-BVKSO,Male,0,No,No,14,Yes,No,No,No internet service,No internet service,No internet service,No internet service,No internet service,No internet service,Month-to-month,Yes,Electronic check,20.05,299.3,No
2692-AQCPF,Female,0,Yes,No,65,Yes,Yes,Fiber optic,No,Yes,Yes,Yes,Yes,Yes,One year,Yes,Credit card (automatic),108.05,7118.9,No
0434-CSFON,Female,0,Yes,No,47,Yes,Yes,Fiber optic,No,No,Yes,No,Yes,Yes,Month-to-month,Yes,Electronic check,100.5,4707.1,No
2120-SMPEX,Male,0,No,No,25,Yes,No,No,No internet service,No internet service,No internet service,No internet service,No internet service,No internet service,Month-to-month,Yes,Mailed check,20.15,536.35,No
3295-YVUSR,Male,1,No,No,2,Yes,Yes,Fiber optic,No,No,No,No,No,No,Month-to-month,Yes,Mailed check,72.6,154.3,No
4785-QRJHC,Male,1,Yes,No,46,No,No phone service,DSL,No,Yes,Yes,Yes,Yes,Yes,One year,Yes,Bank transfer (automatic),59.9,2816.65,Yes
5793-YOLJN,Female,0,Yes,Yes,55,Yes,No,No,No internet service,No internet service,No internet service,No internet service,No internet service,No internet service,Two year,No,Mailed check,21.0,1210.3,No
1656-DRSMG,Female,0,No,No,63,Yes,Yes,Fiber optic,No,Yes,Yes,Yes,Yes,Yes,Month-to-month,Yes,Credit card (automatic),109.85,7002.95,No
9073-ZZIAY,Male,0,Yes,Yes,62,Yes,No,DSL,Yes,Yes,Yes,Yes,Yes,Yes,Two year,No,Electronic check,86.1,5215.25,No
0447-BEMNG,Female,0,Yes,No,48,No,No phone service,DSL,Yes,No,Yes,No,No,Yes,Month-to-month,Yes,Bank transfer (automatic),45.3,2145,Yes
0365-GXEZS,Male,0,Yes,No,18,Yes,No,Fiber optic,No,No,Yes,Yes,No,No,Month-to-month,No,Electronic check,78.2,1468.75,No
6339-TBELP,Male,0,No,No,71,Yes,Yes,Fiber optic,No,No,Yes,Yes,No,No,Two year,Yes,Credit card (automatic),86.4,6172,No
9470-XCCEM,Male,0,Yes,Yes,35,Yes,Yes,Fiber optic,No,Yes,No,No,Yes,No,Month-to-month,Yes,Bank transfer (automatic),89.65,3161.6,No
8224-IVVPA,Female,0,No,No,27,Yes,No,DSL,Yes,Yes,No,No,No,No,Month-to-month,Yes,Mailed check,56.7,1652.95,No
1568-LJSZU,Male,0,Yes,Yes,68,Yes,Yes,DSL,Yes,Yes,Yes,Yes,Yes,Yes,Two year,Yes,Credit card (automatic),92.2,6392.85,No
9770-LXDBK,Female,0,No,No,3,Yes,No,No,No internet service,No internet service,No internet service,No internet service,No internet service,No internet service,Month-to-month,No,Mailed check,20.4,63.15,No
5006-MXVRN,Female,0,No,No,39,Yes,No,No,No internet service,No internet service,No internet service,No internet service,No internet service,No internet service,Two year,No,Credit card (automatic),20.7,762.45,No
0440-UEDAI,Female,0,No,No,53,Yes,No,Fiber optic,No,Yes,Yes,Yes,No,Yes,One year,Yes,Credit card (automatic),94.45,5042.75,No
0431-APWVY,Female,0,Yes,Yes,28,Yes,No,Fiber optic,No,No,No,No,Yes,Yes,One year,Yes,Bank transfer (automatic),90.1,2598.95,Yes
5399-ZIMKF,Male,0,No,No,5,Yes,No,Fiber optic,No,Yes,No,No,No,No,Month-to-month,Yes,Electronic check,74.65,383.65,No
2428-ZMCTB,Male,0,No,No,10,Yes,No,No,No internet service,No internet service,No internet service,No internet service,No internet service,No internet service,Month-to-month,No,Credit card (automatic),19.75,208.25,No
0121-SNYRK,Male,0,No,No,50,No,No phone service,DSL,Yes,No,No,Yes,No,No,One year,Yes,Mailed check,35.4,1748.9,No
8456-QDAVC,Male,0,No,No,19,Yes,No,Fiber optic,No,No,No,No,Yes,No,Month-to-month,Yes,Bank transfer (automatic),78.7,1495.1,No
4644-PIZRT,Male,0,Yes,Yes,17,Yes,Yes,DSL,Yes,No,Yes,No,Yes,No,One year,Yes,Bank transfer (automatic),70.35,1201.65,No
4827-USJHP,Male,0,No,No,20,Yes,No,DSL,No,Yes,No,No,No,No,Month-to-month,Yes,Mailed check,51.8,1023.85,No
6621-NRZAK,Female,0,Yes,Yes,63,Yes,No,No,No internet service,No internet service,No internet service,No internet service,No internet service,No internet service,Two year,No,Credit card (automatic),20.0,1209.25,No
0744-BIKKF,Male,0,No,No,72,Yes,Yes,DSL,Yes,Yes,Yes,Yes,Yes,Yes,Two year,No,Bank transfer (automatic),86.65,6224.8,No
1455-HFBXA,Male,0,Yes,No,52,Yes,Yes,Fiber optic,Yes,No,Yes,Yes,No,No,Two year,Yes,Credit card (automatic),91.6,4627.8,No
7328-ZJAJO,Female,0,Yes,Yes,59,Yes,No,No,No internet service,No internet service,No internet service,No internet service,No internet service,No internet service,Two year,No,Credit card (automatic),19.5,1222.65,No
6440-DKQGE,Male,0,No,Yes,30,Yes,No,DSL,No,Yes,Yes,No,Yes,No,One year,No,Credit card (automatic),64.5,1929.95,No
3452-GWUIN,Female,1,Yes,No,19,Yes,Yes,Fiber optic,No,No,No,No,Yes,Yes,Month-to-month,Yes,Electronic check,94.95,1760.25,No
9746-MDMBK,Male,0,Yes,Yes,47,Yes,Yes,Fiber optic,Yes,Yes,Yes,Yes,Yes,Yes,One year,Yes,Bank transfer (automatic),113.45,5317.8,No
9388-ZEYVT,Male,0,No,No,43,No,No phone service,DSL,No,No,Yes,Yes,No,Yes,One year,No,Electronic check,44.15,1931.3,No
3474-BAFSJ,Male,0,Yes,No,57,No,No phone service,DSL,No,Yes,Yes,Yes,Yes,Yes,Two year,Yes,Bank transfer (automatic),57.5,3265.95,No
9102-OXKFY,Male,0,No,No,59,Yes,Yes,DSL,No,No,Yes,No,No,No,Two year,No,Credit card (automatic),54.15,3116.15,No
7517-LDMPS,Female,0,No,No,12,Yes,No,Fiber optic,No,Yes,No,No,No,Yes,Month-to-month,Yes,Electronic check,84.6,1017.35,No
6968-URWQU,Male,0,Yes,No,43,Yes,No,DSL,No,No,No,No,Yes,No,One year,Yes,Mailed check,56.35,2391.15,No
8060-HIWJJ,Male,0,No,No,64,Yes,Yes,DSL,No,Yes,Yes,Yes,Yes,Yes,Two year,No,Credit card (automatic),86.55,5632.55,No
4020-KIUDI,Male,0,Yes,Yes,6,Yes,No,No,No internet service,No internet service,No internet service,No internet service,No internet service,No internet service,Month-to-month,No,Credit card (automatic),19.85,138.85,No
1363-TXLSL,Male,1,Yes,No,1,Yes,No,Fiber optic,No,No,No,No,No,No,Month-to-month,Yes,Electronic check,70.3,70.3,Yes
7527-QNRUS,Male,0,Yes,Yes,17,Yes,Yes,No,No internet service,No internet service,No internet service,No internet service,No internet service,No internet service,Two year,Yes,Mailed check,25.15,412.6,No
8651-ENBZX,Female,1,No,No,60,Yes,Yes,Fiber optic,No,No,Yes,Yes,Yes,Yes,One year,Yes,Electronic check,106.0,6441.4,Yes
3892-NXAZG,Male,0,Yes,Yes,72,Yes,Yes,Fiber optic,Yes,Yes,Yes,Yes,Yes,Yes,Two year,Yes,Credit card (automatic),114.05,8289.2,No
8740-XLHDR,Male,0,No,No,5,No,No phone service,DSL,Yes,Yes,Yes,Yes,No,No,Month-to-month,Yes,Mailed check,43.25,219,Yes
1163-VIPRI,Female,0,Yes,Yes,65,Yes,Yes,Fiber optic,Yes,No,Yes,Yes,Yes,Yes,Two year,No,Electronic check,109.3,7337.55,No
6218-KNUBD,Male,0,No,No,6,Yes,No,DSL,No,Yes,No,No,Yes,No,Month-to-month,No,Electronic check,59.45,357.6,No
8640-SDGKB,Male,0,No,No,4,Yes,No,DSL,No,No,Yes,Yes,Yes,Yes,Month-to-month,Yes,Electronic check,74.4,299.7,Yes
2249-YPRNG,Female,0,Yes,Yes,20,Yes,Yes,Fiber optic,No,Yes,Yes,No,Yes,Yes,Month-to-month,Yes,Bank transfer (automatic),105.85,2239.65,Yes
4785-FCIFB,Female,0,Yes,No,61,Yes,Yes,No,No internet service,No internet service,No internet service,No internet service,No internet service,No internet service,Two year,No,Mailed check,24.4,1417.9,No
3419-SNJJD,Female,1,Yes,No,65,Yes,Yes,Fiber optic,Yes,No,Yes,No,Yes,Yes,Month-to-month,No,Bank transfer (automatic),105.25,6786.4,Yes
2121-JAFOM,Female,0,Yes,No,72,Yes,Yes,Fiber optic,Yes,Yes,Yes,Yes,Yes,Yes,Two year,Yes,Credit card (automatic),115.55,8312.4,No
3389-YGYAI,Female,1,No,No,8,Yes,Yes,Fiber optic,No,Yes,Yes,No,Yes,Yes,Month-to-month,Yes,Electronic check,105.5,829.55,Yes
9033-EOXWV,Female,0,No,No,12,Yes,Yes,DSL,No,No,No,Yes,Yes,Yes,One year,No,Mailed check,74.05,872.65,Yes
6179-GJPSO,Female,1,No,No,43,Yes,No,Fiber optic,Yes,Yes,No,Yes,Yes,Yes,Month-to-month,Yes,Credit card (automatic),108.15,4600.7,Yes
9667-EQRXU,Female,1,No,No,30,No,No phone service,DSL,No,No,Yes,No,Yes,No,Month-to-month,Yes,Electronic check,40.3,1172.95,Yes
7824-PANSQ,Male,0,No,No,58,Yes,Yes,Fiber optic,No,No,No,Yes,No,No,Month-to-month,No,Bank transfer (automatic),80.65,4807.35,No
2361-UPSND,Female,0,Yes,No,46,Yes,No,DSL,Yes,Yes,No,Yes,No,Yes,One year,No,Mailed check,70.6,3231.05,No
9360-OMDZZ,Male,0,No,No,24,Yes,Yes,Fiber optic,No,No,No,No,Yes,Yes,Month-to-month,Yes,Electronic check,94.1,2322.85,No
7614-QVWQL,Male,0,Yes,Yes,49,No,No phone service,DSL,No,Yes,No,No,Yes,Yes,One year,Yes,Bank transfer (automatic),51.8,2541.25,Yes
0644-OQMDK,Male,1,No,No,4,Yes,No,Fiber optic,No,No,No,No,No,No,Month-to-month,Yes,Electronic check,70.65,293.85,No
8865-TNMNX,Male,0,Yes,Yes,10,Yes,No,DSL,No,Yes,No,No,No,No,One year,No,Mailed check,49.55,475.7,No
1114-CENIM,Male,0,No,Yes,54,Yes,Yes,DSL,No,Yes,No,No,No,No,Month-to-month,Yes,Credit card (automatic),55.0,3092.65,Yes
3933-DQPWX,Female,0,No,No,50,No,No phone service,DSL,No,Yes,Yes,Yes,No,No,Two year,No,Credit card (automatic),39.7,1932.75,No
7716-YTYHG,Female,0,Yes,Yes,48,Yes,Yes,Fiber optic,No,No,No,No,No,Yes,One year,Yes,Mailed check,82.05,4029.95,Yes
7927-AUXBZ,Female,0,No,No,30,Yes,No,Fiber optic,No,No,No,Yes,Yes,No,Month-to-month,No,Electronic check,85.15,2555.9,Yes
5630-AHZIL,Female,0,No,Yes,3,Yes,No,DSL,Yes,No,No,Yes,No,Yes,Month-to-month,Yes,Bank transfer (automatic),64.5,177.4,No
2320-JRSDE,Female,0,Yes,Yes,1,Yes,No,No,No internet service,No internet service,No internet service,No internet service,No internet service,No internet service,Month-to-month,Yes,Electronic check,19.9,19.9,Yes
9013-AQORL,Female,0,No,Yes,48,No,No phone service,DSL,No,Yes,Yes,No,No,Yes,Month-to-month,No,Credit card (automatic),45.55,2108.35,No
3301-LSLWQ,Female,0,No,No,29,Yes,Yes,DSL,Yes,No,No,No,No,Yes,Month-to-month,Yes,Electronic check,66.1,1912.15,No
6734-CKRSM,Female,0,No,No,3,Yes,No,No,No internet service,No internet service,No internet service,No internet service,No internet service,No internet service,Month-to-month,No,Mailed check,20.0,63.6,No
7228-PAQPD,Female,0,No,No,14,Yes,No,DSL,No,No,No,Yes,No,Yes,One year,No,Credit card (automatic),59.1,772.85,No
5628-RKIFK,Female,1,No,No,49,Yes,Yes,Fiber optic,Yes,No,No,No,Yes,Yes,Month-to-month,No,Credit card (automatic),101.55,5070.4,No
5346-BZCHP,Female,0,Yes,Yes,69,Yes,No,No,No internet service,No internet service,No internet service,No internet service,No internet service,No internet service,Two year,No,Mailed check,19.4,1346.2,No
0739-UUAJR,Female,0,Yes,Yes,72,No,No phone service,DSL,Yes,No,Yes,No,Yes,Yes,Two year,Yes,Credit card (automatic),53.8,3952.45,No
9795-SHUHB,Female,0,Yes,Yes,66,Yes,No,DSL,Yes,Yes,No,Yes,No,No,Two year,Yes,Credit card (automatic),58.2,3810.8,No
9391-LMANN,Male,0,No,Yes,53,Yes,No,Fiber optic,Yes,Yes,Yes,No,No,Yes,One year,No,Electronic check,95.95,5036.9,No
8519-IMDHU,Male,1,Yes,No,15,Yes,Yes,Fiber optic,No,No,No,No,No,Yes,Month-to-month,Yes,Bank transfer (automatic),85.6,1345.55,Yes
0621-JFHOL,Female,0,No,No,10,No,No phone service,DSL,No,No,No,Yes,No,No,Two year,Yes,Mailed check,29.6,299.05,No
4011-ARPHK,Male,0,No,No,27,Yes,No,DSL,Yes,No,No,No,No,No,Month-to-month,No,Mailed check,50.35,1411.35,No
6384-VMJHP,Female,0,No,No,72,Yes,No,DSL,Yes,Yes,Yes,Yes,No,Yes,Two year,Yes,Credit card (automatic),73.0,5265.2,No
4338-EYCER,Male,0,Yes,No,21,Yes,No,DSL,No,No,No,No,Yes,No,Month-to-month,No,Bank transfer (automatic),54.6,1125.2,No
4074-SJFFA,Female,0,No,No,1,Yes,No,DSL,No,No,No,No,No,Yes,Month-to-month,Yes,Mailed check,54.75,54.75,Yes
6504-VBLFL,Male,0,Yes,No,55,Yes,No,DSL,Yes,Yes,Yes,No,No,No,Two year,No,Electronic check,58.6,3068.6,No
3457-PQBYH,Female,0,Yes,Yes,58,Yes,No,No,No internet service,No internet service,No internet service,No internet service,No internet service,No internet service,Two year,No,Credit card (automatic),20.3,1160.75,No
4505-EXZHB,Female,1,No,No,6,Yes,No,Fiber optic,No,No,Yes,No,No,No,Month-to-month,No,Electronic check,74.4,434.1,Yes
1429-UYJSV,Female,0,No,No,12,Yes,No,No,No internet service,No internet service,No internet service,No internet service,No internet service,No internet service,One year,No,Mailed check,19.7,260.9,No
4654-GGUII,Female,0,No,No,18,No,No phone service,DSL,Yes,Yes,No,Yes,No,No,One year,Yes,Mailed check,40.2,711.95,No
4029-HPFVY,Male,0,No,No,3,Yes,No,Fiber optic,No,No,No,No,No,No,Month-to-month,Yes,Mailed check,70.3,220.4,No
4547-FZJWE,Male,0,Yes,Yes,55,Yes,No,DSL,Yes,No,No,No,No,Yes,One year,No,Credit card (automatic),59.45,3157,No
7341-LXCAF,Male,0,Yes,No,4,Yes,Yes,Fiber optic,No,No,No,No,No,No,Month-to-month,Yes,Electronic check,74.65,301.4,Yes
2408-WITXK,Female,1,No,No,10,No,No phone service,DSL,No,No,No,No,No,Yes,Month-to-month,Yes,Electronic check,34.7,329.8,Yes
2988-GBIVW,Female,1,Yes,No,70,Yes,Yes,Fiber optic,Yes,No,No,No,No,Yes,Month-to-month,Yes,Electronic check,90.85,6470.1,No
2589-AYCRP,Female,0,No,No,50,Yes,No,No,No internet service,No internet service,No internet service,No internet service,No internet service,No internet service,One year,No,Bank transfer (automatic),19.75,989.05,No
7684-XSZIY,Male,0,Yes,Yes,72,Yes,Yes,No,No internet service,No internet service,No internet service,No internet service,No internet service,No internet service,Two year,No,Bank transfer (automatic),24.3,1643.25,No
7632-MNYOY,Male,1,No,No,66,Yes,Yes,Fiber optic,No,Yes,Yes,Yes,Yes,Yes,One year,No,Credit card (automatic),110.9,7432.05,Yes
2720-WGKHP,Male,1,No,No,2,Yes,Yes,Fiber optic,No,No,No,No,Yes,Yes,Month-to-month,Yes,Electronic check,94.0,181.7,Yes
1121-QSIVB,Female,0,No,Yes,44,Yes,Yes,DSL,No,Yes,No,No,Yes,Yes,One year,Yes,Mailed check,77.55,3471.1,No
4597-ELFTS,Male,0,No,No,56,Yes,Yes,No,No internet service,No internet service,No internet service,No internet service,No internet service,No internet service,One year,No,Electronic check,24.9,1334,Yes
5600-PDUJF,Male,0,No,No,6,Yes,No,DSL,No,No,No,Yes,No,No,Month-to-month,Yes,Credit card (automatic),49.5,312.7,No
3452-FLHYD,Male,0,Yes,No,25,Yes,No,No,No internet service,No internet service,No internet service,No internet service,No internet service,No internet service,One year,Yes,Bank transfer (automatic),20.95,495.15,No
7435-ZNUYY,Male,0,No,No,6,Yes,No,No,No internet service,No internet service,No internet service,No internet service,No internet service,No internet service,One year,No,Mailed check,20.6,116.6,No
3926-CUQZX,Male,0,No,No,1,Yes,No,DSL,No,No,No,No,No,No,Month-to-month,Yes,Bank transfer (automatic),45.1,45.1,Yes
